{
  "device": "cuda",
  "batch_size": 16,
  "T": 100,
  "C": 7,
  "n_warmup": 25,
  "n_runs": 100,
  "median_batch_ms": 204.5484179398045,
  "mean_batch_ms": 204.5589958061464,
  "p90_batch_ms": 205.5086249485612,
  "p95_batch_ms": 205.81257985904813,
  "median_per_window_ms": 12.784276121237781,
  "throughput_windows_per_s": 78.22108897810473
}