{
  "val": {
    "loss": 0.8974584775144646,
    "acc": 0.8683473389355743,
    "prf": {
      "macro": {
        "precision": 0.6184371870109321,
        "recall": 0.9224074074074075,
        "f1": 0.7144761026225761
      },
      "micro": {
        "precision": 0.8683473389355743,
        "recall": 0.8683473389355743,
        "f1": 0.8683473389355743
      },
      "weighted": {
        "precision": 0.9281029121811886,
        "recall": 0.8683473389355743,
        "f1": 0.8853562832635347
      }
    },
    "timing": {
      "ms_per_sample": 12.784276121237781,
      "ms_per_batch": 204.5484179398045,
      "note": "Full pipeline: CWT + Backbone + Aggregation + Head"
    }
  },
  "test": {
    "loss": 0.9978913719003851,
    "acc": 0.8417508417508418,
    "prf": {
      "macro": {
        "precision": 0.5747033095538158,
        "recall": 0.8868697010263276,
        "f1": 0.6721435836730697
      },
      "micro": {
        "precision": 0.8417508417508418,
        "recall": 0.8417508417508418,
        "f1": 0.8417508417508418
      },
      "weighted": {
        "precision": 0.9143822122085101,
        "recall": 0.8417508417508418,
        "f1": 0.8625551415764148
      }
    },
    "timing": {
      "ms_per_sample": 12.784276121237781,
      "ms_per_batch": 204.5484179398045,
      "note": "Full pipeline: CWT + Backbone + Aggregation + Head"
    }
  }
}