{
  "acc": 0.7865626060400407,
  "prf": {
    "macro": {
      "precision": 0.7945910659746717,
      "recall": 0.7932116805093443,
      "f1": 0.7931290701151977
    },
    "micro": {
      "precision": 0.7865626060400407,
      "recall": 0.7865626060400407,
      "f1": 0.7865626060400407
    },
    "weighted": {
      "precision": 0.7877787961391767,
      "recall": 0.7865626060400407,
      "f1": 0.7863598624376038
    }
  },
  "auc_ovr": 0.957221166844278,
  "support": [
    496,
    471,
    420,
    491,
    532,
    537
  ]
}