{
  "acc": 0.7438072616219885,
  "prf": {
    "macro": {
      "precision": 0.7506661318868582,
      "recall": 0.7512506925780063,
      "f1": 0.7499491535934263
    },
    "micro": {
      "precision": 0.7438072616219885,
      "recall": 0.7438072616219885,
      "f1": 0.7438072616219885
    },
    "weighted": {
      "precision": 0.7434986611785213,
      "recall": 0.7438072616219885,
      "f1": 0.7425801360555058
    }
  },
  "auc_ovr": 0.9456604706659597,
  "support": [
    496,
    471,
    420,
    491,
    532,
    537
  ]
}