{
  "epoch": [
    1,
    2,
    3,
    4,
    5,
    6,
    7,
    8,
    9,
    10,
    11,
    12,
    13,
    14
  ],
  "train_loss": [
    1.3377512542517316,
    1.2026400886836472,
    1.1388392672782073,
    1.1204175592811791,
    1.0604182425676552,
    1.0122797292459083,
    0.9812133669300218,
    0.9267698170492553,
    0.8922473269238861,
    0.8565256294230896,
    0.8025700684570176,
    0.8035197548711435,
    0.7607438306764233,
    0.754018773180985
  ],
  "val_loss": [
    1.8704216680606873,
    1.8717039900333607,
    1.9081132572238184,
    1.5835919520434212,
    1.626841407530114,
    1.9536345292206239,
    1.7616827214131503,
    1.773184149873023,
    1.5602408931368874,
    2.060634669135599,
    1.7894747925071823,
    1.6262336037739986,
    1.7070426673782306,
    1.971307289032709
  ],
  "train_acc": [
    0.4367130550033135,
    0.5235255135851558,
    0.5434062292909212,
    0.5546719681908548,
    0.5838303512259775,
    0.6106693174287607,
    0.6239231278992711,
    0.6544068919814446,
    0.6832339297548045,
    0.7027833001988072,
    0.7299536116633533,
    0.7335984095427436,
    0.7538104705102717,
    0.7591119946984758
  ],
  "val_acc": [
    0.41596638655462187,
    0.3585434173669468,
    0.3949579831932773,
    0.49719887955182074,
    0.45518207282913165,
    0.4271708683473389,
    0.43977591036414565,
    0.46218487394957986,
    0.5798319327731093,
    0.38935574229691877,
    0.5,
    0.5182072829131653,
    0.5378151260504201,
    0.45518207282913165
  ],
  "lr_lora": [
    0.000954992586021436,
    0.0009120108393559099,
    0.0008709635899560808,
    0.0008317637711026712,
    0.0007943282347242817,
    0.000758577575029184,
    0.0007244359600749904,
    0.0006918309709189368,
    0.0006606934480075964,
    0.0006309573444801936,
    0.0006025595860743581,
    0.0005754399373371573,
    0.0005495408738576249,
    0.000524807460249773
  ],
  "lr_head": [
    0.000954992586021436,
    0.0009120108393559099,
    0.0008709635899560808,
    0.0008317637711026712,
    0.0007943282347242817,
    0.000758577575029184,
    0.0007244359600749904,
    0.0006918309709189368,
    0.0006606934480075964,
    0.0006309573444801936,
    0.0006025595860743581,
    0.0005754399373371573,
    0.0005495408738576249,
    0.000524807460249773
  ],
  "train_p_macro": [
    0.464879037770848,
    0.5512347563891519,
    0.5767297708729683,
    0.5808589704893271,
    0.6090432433880626,
    0.6440399135749771,
    0.6463503791545998,
    0.6718878577956051,
    0.6986880485647126,
    0.7208795721216692,
    0.7448179857114021,
    0.7511606267528661,
    0.7707410224050347,
    0.7736443722263777
  ],
  "train_r_macro": [
    0.4363869717028655,
    0.5251657260919311,
    0.5502538817805703,
    0.5567078754527395,
    0.5804723068739935,
    0.6109757683854004,
    0.6244014242477255,
    0.6508967717700271,
    0.6821581972270114,
    0.7030299190075647,
    0.7288398371251935,
    0.7339451874266382,
    0.7562876199653873,
    0.7550616637939113
  ],
  "train_f1_macro": [
    0.4219806651179229,
    0.5167467324306588,
    0.5425214015323337,
    0.5469860082064959,
    0.5745085311615169,
    0.6066871039117406,
    0.6206063122740709,
    0.6466630351668022,
    0.6776743967826323,
    0.6979383881628459,
    0.7257138700392988,
    0.7306485071128458,
    0.7522680163744523,
    0.7546225736223328
  ],
  "train_p_micro": [
    0.4367130550033135,
    0.5235255135851558,
    0.5434062292909212,
    0.5546719681908548,
    0.5838303512259775,
    0.6106693174287607,
    0.6239231278992711,
    0.6544068919814446,
    0.6832339297548045,
    0.7027833001988072,
    0.7299536116633533,
    0.7335984095427436,
    0.7538104705102717,
    0.7591119946984758
  ],
  "train_r_micro": [
    0.4367130550033135,
    0.5235255135851558,
    0.5434062292909212,
    0.5546719681908548,
    0.5838303512259775,
    0.6106693174287607,
    0.6239231278992711,
    0.6544068919814446,
    0.6832339297548045,
    0.7027833001988072,
    0.7299536116633533,
    0.7335984095427436,
    0.7538104705102717,
    0.7591119946984758
  ],
  "train_f1_micro": [
    0.4367130550033135,
    0.5235255135851558,
    0.5434062292909212,
    0.5546719681908548,
    0.5838303512259775,
    0.6106693174287607,
    0.6239231278992711,
    0.6544068919814446,
    0.6832339297548045,
    0.7027833001988072,
    0.7299536116633533,
    0.7335984095427436,
    0.7538104705102717,
    0.7591119946984758
  ],
  "train_p_weighted": [
    0.4649416883260844,
    0.5490441301422225,
    0.5759704745430071,
    0.5816516578095909,
    0.6096674611670055,
    0.6403842313951095,
    0.6469170747399199,
    0.673652663126555,
    0.7012168259626076,
    0.7210382217228609,
    0.7485570985893614,
    0.7479828622422897,
    0.7694175417967043,
    0.7724292298422216
  ],
  "train_r_weighted": [
    0.4367130550033135,
    0.5235255135851558,
    0.5434062292909212,
    0.5546719681908548,
    0.5838303512259775,
    0.6106693174287607,
    0.6239231278992711,
    0.6544068919814446,
    0.6832339297548045,
    0.7027833001988072,
    0.7299536116633533,
    0.7335984095427436,
    0.7538104705102717,
    0.7591119946984758
  ],
  "train_f1_weighted": [
    0.4224050964056685,
    0.5144317986134171,
    0.5373821952839947,
    0.5461624237298128,
    0.5768225297217999,
    0.6055095355231016,
    0.6202072422794673,
    0.6491715884253949,
    0.6793385542099302,
    0.698308478439003,
    0.7277823972269065,
    0.7290448237924345,
    0.7505049858650181,
    0.7565191357436782
  ],
  "val_p_macro": [
    0.24459578235042542,
    0.25153011977299145,
    0.26865662696263787,
    0.28454268276004824,
    0.2755362861588391,
    0.26558382969679656,
    0.30084609144310637,
    0.27935079084048303,
    0.3021847405409712,
    0.2839183071639212,
    0.28504915902658495,
    0.3152402778888759,
    0.2922912872595076,
    0.2967359980654751
  ],
  "val_r_macro": [
    0.4038888888888889,
    0.43407407407407406,
    0.3976851851851852,
    0.4499074074074074,
    0.40685185185185185,
    0.40703703703703703,
    0.4671296296296297,
    0.4257407407407407,
    0.4565740740740741,
    0.4176851851851852,
    0.43796296296296294,
    0.43407407407407406,
    0.44324074074074066,
    0.4732407407407407
  ],
  "val_f1_macro": [
    0.226666447451229,
    0.20874783862244248,
    0.24347969891678103,
    0.2811303946395615,
    0.25381014939463675,
    0.2501280115187558,
    0.28634356337486744,
    0.26703151201409675,
    0.31210714414334456,
    0.26107184872245115,
    0.2794421945502897,
    0.30897651120288966,
    0.2956946977248169,
    0.29116751749296516
  ],
  "val_p_micro": [
    0.41596638655462187,
    0.3585434173669468,
    0.3949579831932773,
    0.49719887955182074,
    0.45518207282913165,
    0.4271708683473389,
    0.43977591036414565,
    0.46218487394957986,
    0.5798319327731093,
    0.38935574229691877,
    0.5,
    0.5182072829131653,
    0.5378151260504201,
    0.45518207282913165
  ],
  "val_r_micro": [
    0.41596638655462187,
    0.3585434173669468,
    0.3949579831932773,
    0.49719887955182074,
    0.45518207282913165,
    0.4271708683473389,
    0.43977591036414565,
    0.46218487394957986,
    0.5798319327731093,
    0.38935574229691877,
    0.5,
    0.5182072829131653,
    0.5378151260504201,
    0.45518207282913165
  ],
  "val_f1_micro": [
    0.41596638655462187,
    0.3585434173669468,
    0.3949579831932773,
    0.49719887955182074,
    0.45518207282913165,
    0.4271708683473389,
    0.43977591036414565,
    0.46218487394957986,
    0.5798319327731093,
    0.38935574229691877,
    0.5,
    0.5182072829131653,
    0.5378151260504201,
    0.45518207282913165
  ],