{
  "val": {
    "loss": 1.5602408931368874,
    "acc": 0.5798319327731093,
    "prf": {
      "macro": {
        "precision": 0.3021847405409712,
        "recall": 0.4565740740740741,
        "f1": 0.31210714414334456
      },
      "micro": {
        "precision": 0.5798319327731093,
        "recall": 0.5798319327731093,
        "f1": 0.5798319327731093
      },
      "weighted": {
        "precision": 0.841672696667965,
        "recall": 0.5798319327731093,
        "f1": 0.6677216290454274
      }
    },
    "timing": {
      "ms_per_sample": 11.084745412517805,
      "ms_per_batch": 177.35592660028487,
      "note": "Full pipeline: CWT + Backbone + Aggregation + Head"
    }
  },
  "test": {
    "loss": 1.6431952152990732,
    "acc": 0.5614478114478114,
    "prf": {
      "macro": {
        "precision": 0.292337377990434,
        "recall": 0.40924810352521196,
        "f1": 0.29584842606852035
      },
      "micro": {
        "precision": 0.5614478114478114,
        "recall": 0.5614478114478114,
        "f1": 0.5614478114478114
      },
      "weighted": {
        "precision": 0.8502426790677606,
        "recall": 0.5614478114478114,
        "f1": 0.6577572085565779
      }
    },
    "timing": {
      "ms_per_sample": 11.084745412517805,
      "ms_per_batch": 177.35592660028487,
      "note": "Full pipeline: CWT + Backbone + Aggregation + Head"
    }
  }
}