{
  "base": {
    "acc": 0.7865626060400407,
    "prf": {
      "macro": {
        "precision": 0.7945910659746717,
        "recall": 0.7932116805093443,
        "f1": 0.7931290701151977
      },
      "micro": {
        "precision": 0.7865626060400407,
        "recall": 0.7865626060400407,
        "f1": 0.7865626060400407
      },
      "weighted": {
        "precision": 0.7877787961391767,
        "recall": 0.7865626060400407,
        "f1": 0.7863598624376038
      }
    },
    "auc_ovr": 0.957221166844278,
    "support": [
      496,
      471,
      420,
      491,
      532,
      537
    ]
  },
  "lora": {
    "acc": 0.7346454021038344,
    "prf": {
      "macro": {
        "precision": 0.7429303206794633,
        "recall": 0.7413219876288899,
        "f1": 0.7408587470203046
      },
      "micro": {
        "precision": 0.7346454021038344,
        "recall": 0.7346454021038344,
        "f1": 0.7346454021038344
      },
      "weighted": {
        "precision": 0.7370315520232407,
        "recall": 0.7346454021038344,
        "f1": 0.7345979127775808
      }
    },
    "auc_ovr": 0.9446234835866537,
    "support": [
      496,
      471,
      420,
      491,
      532,
      537
    ]
  },
  "delta": {
    "acc": -0.051917203936206247,
    "f1_macro": -0.0522703230948931,
    "f1_micro": -0.051917203936206247,
    "f1_weighted": -0.05176194966002301,
    "auc_ovr": -0.012597683257624337
  },
  "load_mode": "weights_only",
  "artifacts": {
    "cm_base_png": "/workspace/base/src/outputs/Benchmark/normwear_lora/run_20260201_095225/ucihar_cm_base.png",
    "cm_lora_png": "/workspace/base/src/outputs/Benchmark/normwear_lora/run_20260201_095225/ucihar_cm_lora.png",
    "cm_base_counts_npy": "/workspace/base/src/outputs/Benchmark/normwear_lora/run_20260201_095225/ucihar_cm_base_counts.npy",
    "cm_base_norm01_npy": "/workspace/base/src/outputs/Benchmark/normwear_lora/run_20260201_095225/ucihar_cm_base_norm01.npy",
    "cm_lora_counts_npy": "/workspace/base/src/outputs/Benchmark/normwear_lora/run_20260201_095225/ucihar_cm_lora_counts.npy",
    "cm_lora_norm01_npy": "/workspace/base/src/outputs/Benchmark/normwear_lora/run_20260201_095225/ucihar_cm_lora_norm01.npy"
  }
}