{
  "acc": 0.7346454021038344,
  "prf": {
    "macro": {
      "precision": 0.7429303206794633,
      "recall": 0.7413219876288899,
      "f1": 0.7408587470203046
    },
    "micro": {
      "precision": 0.7346454021038344,
      "recall": 0.7346454021038344,
      "f1": 0.7346454021038344
    },
    "weighted": {
      "precision": 0.7370315520232407,
      "recall": 0.7346454021038344,
      "f1": 0.7345979127775808
    }
  },
  "auc_ovr": 0.9446234835866537,
  "support": [
    496,
    471,
    420,
    491,
    532,
    537
  ]
}