{
  "acc": 0.7626262626262627,
  "prf": {
    "macro": {
      "precision": 0.5451691757661907,
      "recall": 0.6457998661311914,
      "f1": 0.5237133237133237
    },
    "micro": {
      "precision": 0.7626262626262627,
      "recall": 0.7626262626262627,
      "f1": 0.7626262626262627
    },
    "weighted": {
      "precision": 0.8893336674883487,
      "recall": 0.7626262626262627,
      "f1": 0.8030638273062515
    }
  },
  "per_class": {
    "precision": [
      0.2857142857142857,
      0.8333333333333334,
      0.18181818181818182,
      0.5,
      0.5,
      0.9701492537313433
    ],
    "recall": [
      1.0,
      0.625,
      0.6666666666666666,
      0.6,
      0.2,
      0.7831325301204819
    ],
    "f1": [
      0.4444444444444444,
      0.7142857142857143,
      0.2857142857142857,
      0.5454545454545454,
      0.2857142857142857,
      0.8666666666666667
    ],
    "support": [
      8,
      8,
      6,
      5,
      5,
      166
    ]
  },
  "timing": {
    "window_forward_ms_per_sample": 0.1289477771358182,
    "aggregation_ms_total": 0.0005580950528383255,
    "aggregation_ms_per_clip": 2.818661883021846e-06
  },
  "early_stop": {
    "default_k": 3,
    "k_map_size": 0,
    "missed_early": 11,
    "n_clips": 198
  }
}