{
  "val": {
    "loss": 1.0728336469549424,
    "acc": 0.7100840336134454,
    "prf": {
      "macro": {
        "precision": 0.41631448740852167,
        "recall": 0.5950925925925926,
        "f1": 0.4441941711761251
      },
      "micro": {
        "precision": 0.7100840336134454,
        "recall": 0.7100840336134454,
        "f1": 0.7100840336134454
      },
      "weighted": {
        "precision": 0.8593175670951991,
        "recall": 0.7100840336134454,
        "f1": 0.7626756880659715
      }
    },
    "per_class": {
      "precision": [
        0.16494845360824742,
        0.4583333333333333,
        0.140625,
        0.42,
        0.35294117647058826,
        0.961038961038961
      ],
      "recall": [
        0.8888888888888888,
        0.36666666666666664,
        0.375,
        0.7,
        0.5,
        0.74
      ],
      "f1": [
        0.2782608695652174,
        0.4074074074074074,
        0.20454545454545456,
        0.525,
        0.41379310344827586,
        0.8361581920903954
      ],
      "support": [
        18,
        30,
        24,
        30,
        12,
        600
      ]
    },
    "timing": {
      "warmup_batches": 5,
      "timed_batches": 40,
      "timed_total_seconds": 0.08574477140791714,
      "ms_per_batch": 2.1436192851979285,
      "ms_per_sample": 0.12009071625758704
    }
  },
  "test": {
    "loss": 1.1975799908603602,
    "acc": 0.6978114478114478,
    "prf": {
      "macro": {
        "precision": 0.386595160419345,
        "recall": 0.5431810575635877,
        "f1": 0.4089048122480187
      },
      "micro": {
        "precision": 0.6978114478114478,
        "recall": 0.6978114478114478,
        "f1": 0.6978114478114478
      },
      "weighted": {
        "precision": 0.8552745863800489,
        "recall": 0.6978114478114478,
        "f1": 0.7518285514135088
      }
    },
    "per_class": {
      "precision": [
        0.2625,
        0.4666666666666667,
        0.11811023622047244,
        0.21052631578947367,
        0.2962962962962963,
        0.9654714475431607
      ],
      "recall": [
        0.875,
        0.4375,
        0.4166666666666667,
        0.5333333333333333,
        0.26666666666666666,
        0.7299196787148594
      ],
      "f1": [
        0.40384615384615385,
        0.45161290322580644,
        0.18404907975460122,
        0.3018867924528302,
        0.2807017543859649,
        0.8313321898227558
      ],
      "support": [
        48,
        48,
        36,
        30,
        30,
        996
      ]
    },
    "timing": {
      "warmup_batches": 5,
      "timed_batches": 70,
      "timed_total_seconds": 0.153189959237352,
      "ms_per_batch": 2.188427989105029,
      "ms_per_sample": 0.1289477771358182
    }
  },
  "best_ckpt": "/workspace/base/src/outputs/Benchmark/hydra/run_20260201-153955/best_hydra.pt"
}