{
  "dropped": [
    "time"
  ],
  "stats_features_kept": 86,
  "n_params": 223285,
  "window_test_loss": 0.5805254625618373,
  "window_test_acc": 0.8762626262626263,
  "window_test_f1_macro": 0.7156209169726507,
  "window_test_f1_micro": 0.8762626262626263,
  "window_test_f1_weighted": 0.892015873578258,
  "window_test_precision": 0.638773894309246,
  "window_test_recall": 0.8732708612226684,
  "window_val_loss": 0.22300040686544412,
  "window_val_acc": 0.9411764705882353,
  "window_val_f1_macro": 0.8338685391015476,
  "clip_test_acc": 0.9444444444444444,
  "clip_test_f1_macro": 0.8703762339598254,
  "clip_test_f1_weighted": 0.947828189642619,
  "per_class_f1_window": [
    0.84,
    0.7102803738317757,
    0.6326530612244898,
    0.5132743362831859,
    0.6666666666666666,
    0.9308510638297872
  ],
  "per_class_f1_clip": [
    0.875,
    0.8888888888888888,
    0.75,
    0.8333333333333334,
    0.9090909090909091,
    0.9659442724458205
  ],
  "best_ckpt": "/workspace/outputs/ablation_study/ablation_20260221-034245/no_time/best-epoch=41-val/f1=0.8339.ckpt"
}