{
  "dropped": [
    "shape"
  ],
  "stats_features_kept": 98,
  "n_params": 223285,
  "window_test_loss": 0.5409059009074559,
  "window_test_acc": 0.9082491582491582,
  "window_test_f1_macro": 0.7679443832067091,
  "window_test_f1_micro": 0.9082491582491582,
  "window_test_f1_weighted": 0.9176444451181235,
  "window_test_precision": 0.7045950513531949,
  "window_test_recall": 0.8811468094600624,
  "window_val_loss": 0.2354073746300056,
  "window_val_acc": 0.9439775910364145,
  "window_val_f1_macro": 0.8366364838169349,
  "clip_test_acc": 0.9545454545454546,
  "clip_test_f1_macro": 0.9028624740699044,
  "clip_test_f1_weighted": 0.9585650734445181,
  "per_class_f1_window": [
    0.9052631578947369,
    0.7961165048543689,
    0.6095238095238096,
    0.6511627906976745,
    0.6956521739130435,
    0.9499478623566214
  ],
  "per_class_f1_clip": [
    0.9411764705882353,
    0.8888888888888888,
    0.7058823529411765,
    1.0,
    0.9090909090909091,
    0.9721362229102167
  ],
  "best_ckpt": "/workspace/outputs/ablation_study/ablation_20260221-034245/no_shape/best-epoch=37-val/f1=0.8366.ckpt"
}