{
  "epoch": [
    1,
    2,
    3,
    4,
    5,
    6,
    7,
    8,
    9,
    10,
    11,
    12,
    13,
    14,
    15,
    16,
    17,
    18,
    19,
    20,
    21,
    22,
    23,
    24,
    25,
    26,
    27,
    28,
    29,
    30,
    31,
    32,
    33,
    34,
    35,
    36,
    37,
    38,
    39,
    40,
    41,
    42,
    43,
    44,
    45,
    46,
    47,
    48,
    49,
    50,
    51
  ],
  "train_loss": [
    1.3823762214665174,
    1.246263071646883,
    1.1877523705964983,
    1.1370621540200965,
    1.1046827662491365,
    1.100180150777314,
    1.0481773754574435,
    1.01856570619491,
    1.0140817828435136,
    0.9938306933060961,
    0.9715710378127351,
    0.9402044109191955,
    0.9351114390487248,
    0.920245598349794,
    0.8910503773961101,
    0.8892000742781663,
    0.8726710247691435,
    0.8475359902906682,
    0.8449455030551527,
    0.831429237660584,
    0.8152485608771408,
    0.8134649116560664,
    0.8043589937432079,
    0.784468973381408,
    0.7791312628573873,
    0.7796248341021987,
    0.7627606530181963,
    0.7508584352494796,
    0.7510445276990545,
    0.7478931198871428,
    0.7266520233448781,
    0.7314051456708145,
    0.7161540676465793,
    0.7050791496052595,
    0.7091592628146011,
    0.7113218983297582,
    0.6933884417265064,
    0.6963903455628541,
    0.6963237962926652,
    0.6925844761085057,
    0.6883960430903371,
    0.6779171527139931,
    0.6732842661705832,
    0.6710870075301338,
    0.6764301387733254,
    0.6677364241671014,
    0.6717818695122726,
    0.668248103520083,
    0.6605233914400979,
    0.6544358641593492,
    0.6551074404992099
  ],
  "val_loss": [
    1.2348404341385144,
    1.0623636390982556,
    1.0172782274855285,
    0.9685667108754817,
    0.8784294923146566,
    0.9730208272359618,
    0.8529450329078012,
    0.9070111736863935,
    0.8849743270740456,
    0.9912416335581398,
    0.826980255231136,
    0.8393656838507879,
    0.8323553162796491,
    0.8037692749199747,
    0.8635244573197779,
    0.760678224536885,
    0.8814890034058515,
    0.8132087564935871,
    0.8686870399977312,
    0.7869339486797985,
    0.7873889523393968,
    0.7962313751880529,
    0.8646675291515532,
    0.7744242612387285,
    0.8060301071455499,
    0.8010921424844352,
    0.7983547751309157,
    0.7715520125811174,
    0.7354842300842456,
    0.7429268261631664,
    0.7536802640816077,
    0.754254510923594,
    0.7220084388382962,
    0.7768827499795694,
    0.81944956131676,
    0.7386319465330001,
    0.7683538041528868,
    0.7271852212793687,
    0.711483343475673,
    0.7467507871926999,
    0.7594907821393481,
    0.7412978298857766,
    0.6935555352216342,
    0.6878825389370531,
    0.7452516664309996,
    0.7090254477760037,
    0.717980591022,
    0.7609482417587473,
    0.7459990742827664,
    0.750226009960602,
    0.7530732440347431
  ],
  "train_acc": [
    0.4632818685669042,
    0.5288994457640538,
    0.5597783056215361,
    0.5787806809184481,
    0.5955067300079177,
    0.6067893903404592,
    0.6332145684877276,
    0.6468725257323832,
    0.6553840063341251,
    0.6597387173396675,
    0.6730997624703088,
    0.6912114014251781,
    0.6968527315914489,
    0.7053642121931908,
    0.7193190815518606,
    0.7166468725257323,
    0.7299089469517023,
    0.7417854315122724,
    0.7441607284243864,
    0.7512866191607285,
    0.7648456057007126,
    0.7675178147268409,
    0.7648456057007126,
    0.7830562153602534,
    0.7818685669041964,
    0.779889152810768,
    0.7908749010292954,
    0.7975059382422803,
    0.7968131433095804,
    0.805720506730008,
    0.8176959619952494,
    0.8084916864608076,
    0.8183887569279493,
    0.8219517022961204,
    0.8194774346793349,
    0.8237331749802058,
    0.8298693586698337,
    0.828285827395091,
    0.8291765637371338,
    0.8336302454473475,
    0.8345209817893904,
    0.8353127474267616,
    0.8409540775930324,
    0.8424386381631037,
    0.8426365795724465,
    0.8468923198733175,
    0.8447149643705463,
    0.8476840855106889,
    0.8552058590657166,
    0.849366587490103,
    0.8530285035629454
  ],
  "val_acc": [
    0.572829131652661,
    0.6302521008403361,
    0.6708683473389355,
    0.7254901960784313,
    0.7633053221288515,
    0.711484593837535,
    0.757703081232493,
    0.7338935574229691,
    0.7436974789915967,
    0.6820728291316527,
    0.7703081232492998,
    0.7605042016806722,
    0.7689075630252101,
    0.7717086834733894,
    0.7450980392156863,
    0.7857142857142857,
    0.7366946778711485,
    0.7647058823529411,
    0.7380952380952381,
    0.7801120448179272,
    0.7787114845938375,
    0.7787114845938375,
    0.7310924369747899,
    0.7829131652661064,
    0.7605042016806722,
    0.7689075630252101,
    0.7633053221288515,
    0.7843137254901961,
    0.8067226890756303,
    0.7913165266106442,
    0.7801120448179272,
    0.7871148459383753,
    0.8081232492997199,
    0.7675070028011205,
    0.7521008403361344,
    0.8011204481792717,
    0.7843137254901961,
    0.8137254901960784,
    0.8109243697478992,
    0.7899159663865546,
    0.7857142857142857,
    0.7941176470588235,
    0.8291316526610645,
    0.8319327731092437,
    0.7927170868347339,
    0.8137254901960784,
    0.8053221288515406,
    0.7829131652661064,
    0.803921568627451,
    0.7969187675070029,
    0.788515406162465
  ],
  "train_f1_macro": [
    0.4581128615844768,
    0.524693207239919,
    0.5548890633259175,
    0.5732537742376466,
    0.5926700153144677,
    0.6030092197507956,
    0.6273282712663275,
    0.641258898117755,
    0.6530392975113818,
    0.6568072397163979,
    0.6704896689128775,
    0.6895723116216171,
    0.6931324102333454,
    0.7044489938418989,
    0.7176579783321829,
    0.7162179319128786,
    0.7288316035664021,
    0.7403956673905694,
    0.7433714741805781,
    0.7508280748455091,
    0.7652204501370901,
    0.7661547145412899,
    0.7639904978757084,
    0.7835989503189121,
    0.782331624543688,
    0.779749583812622,
    0.7909715257094865,
    0.7984479452146521,
    0.7972748605439351,
    0.8053922688065503,
    0.8171421638810658,
    0.8088914469173564,
    0.8188314158337245,
    0.8217541378228339,
    0.8182649335074905,
    0.824213771506912,
    0.8297896692234983,
    0.8285563311856449,
    0.8287948486388584,
    0.8338705293451004,
    0.8347550524020386,
    0.83551233797049,
    0.8419079751689523,
    0.8426349443428317,
    0.8426276117684856,
    0.8472454323099591,
    0.8448204500113158,
    0.8481880830230231,
    0.855706247955891,
    0.8494399817797555,
    0.8533777062480064
  ],
  "train_f1_micro": [
    0.4632818685669042,
    0.5288994457640538,
    0.5597783056215361,
    0.5787806809184481,
    0.5955067300079177,
    0.6067893903404592,
    0.6332145684877276,
    0.6468725257323832,
    0.6553840063341251,
    0.6597387173396675,
    0.6730997624703088,
    0.6912114014251781,
    0.6968527315914489,
    0.7053642121931908,
    0.7193190815518606,
    0.7166468725257323,
    0.7299089469517023,
    0.7417854315122724,
    0.7441607284243864,
    0.7512866191607285,
    0.7648456057007126,
    0.7675178147268409,
    0.7648456057007126,
    0.7830562153602534,
    0.7818685669041964,
    0.779889152810768,
    0.7908749010292954,
    0.7975059382422803,
    0.7968131433095804,
    0.805720506730008,
    0.8176959619952494,
    0.8084916864608076,
    0.8183887569279493,
    0.8219517022961204,
    0.8194774346793349,
    0.8237331749802058,
    0.8298693586698337,
    0.828285827395091,
    0.8291765637371338,
    0.8336302454473475,
    0.8345209817893904,
    0.8353127474267616,
    0.8409540775930324,
    0.8424386381631037,
    0.8426365795724465,
    0.8468923198733175,
    0.8447149643705463,
    0.8476840855106889,
    0.8552058590657166,
    0.849366587490103,
    0.8530285035629454
  ],