{
  "acc": 0.8686868686868687,
  "prf": {
    "macro": {
      "precision": 0.5877061935885465,
      "recall": 0.7315428380187415,
      "f1": 0.644812057804478
    },
    "micro": {
      "precision": 0.8686868686868687,
      "recall": 0.8686868686868687,
      "f1": 0.8686868686868687
    },
    "weighted": {
      "precision": 0.9014887007756882,
      "recall": 0.8686868686868687,
      "f1": 0.8809430818369355
    }
  },
  "per_class": {
    "precision": [
      0.6,
      0.6363636363636364,
      0.36363636363636365,
      0.2857142857142857,
      0.6666666666666666,
      0.9738562091503268
    ],
    "recall": [
      0.75,
      0.875,
      0.6666666666666666,
      0.4,
      0.8,
      0.8975903614457831
    ],
    "f1": [
      0.6666666666666666,
      0.7368421052631579,
      0.47058823529411764,
      0.3333333333333333,
      0.7272727272727273,
      0.9341692789968652
    ],
    "support": [
      8,
      8,
      6,
      5,
      5,
      166
    ]
  },
  "timing": {
    "window_forward_ms_per_sample": 12.496838840888813,
    "aggregation_ms_total": 0.0006230548024177551,
    "aggregation_ms_per_clip": 3.146741426352299e-06
  },
  "early_stop": {
    "default_k": 3,
    "k_map_size": 0,
    "missed_early": 23,
    "n_clips": 198
  }
}