{
  "val": {
    "loss": 0.6935555352216342,
    "acc": 0.8291316526610645,
    "prf": {
      "macro": {
        "precision": 0.5012641679308346,
        "recall": 0.6833333333333332,
        "f1": 0.5560664709600879
      },
      "micro": {
        "precision": 0.8291316526610645,
        "recall": 0.8291316526610645,
        "f1": 0.8291316526610645
      },
      "weighted": {
        "precision": 0.8803459223627289,
        "recall": 0.8291316526610645,
        "f1": 0.8480862813440189
      }
    },
    "per_class": {
      "precision": [
        0.3076923076923077,
        0.5897435897435898,
        0.2857142857142857,
        0.5757575757575758,
        0.2857142857142857,
        0.9629629629629629
      ],
      "recall": [
        0.6666666666666666,
        0.7666666666666667,
        0.3333333333333333,
        0.6333333333333333,
        0.8333333333333334,
        0.8666666666666667
      ],
      "f1": [
        0.42105263157894735,
        0.6666666666666666,
        0.3076923076923077,
        0.6031746031746031,
        0.425531914893617,
        0.9122807017543859
      ],
      "support": [
        18,
        30,
        24,
        30,
        12,
        600
      ]
    },
    "timing": {
      "warmup_batches": 5,
      "timed_batches": 7,
      "timed_total_seconds": 0.0012691398151218891,
      "ms_per_batch": 199.949421454221,
      "ms_per_sample": 12.496838840888813,
      "note": "Full pipeline: CWT + Backbone + Aggregation + Head"
    }
  },
  "test": {
    "loss": 0.7709053249070139,
    "acc": 0.7845117845117845,
    "prf": {
      "macro": {
        "precision": 0.4348852430936094,
        "recall": 0.6114569388665775,
        "f1": 0.49207672184891776
      },
      "micro": {
        "precision": 0.7845117845117845,
        "recall": 0.7845117845117845,
        "f1": 0.7845117845117845
      },
      "weighted": {
        "precision": 0.8631954147717584,
        "recall": 0.7845117845117845,
        "f1": 0.8140374836483214
      }
    },
    "per_class": {
      "precision": [
        0.4473684210526316,
        0.43333333333333335,
        0.2638888888888889,
        0.22950819672131148,
        0.2727272727272727,
        0.9624853458382181
      ],
      "recall": [
        0.7083333333333334,
        0.5416666666666666,
        0.5277777777777778,
        0.4666666666666667,
        0.6,
        0.8242971887550201
      ],
      "f1": [
        0.5483870967741935,
        0.48148148148148145,
        0.35185185185185186,
        0.3076923076923077,
        0.375,
        0.8880475932936722
      ],
      "support": [
        48,
        48,
        36,
        30,
        30,
        996
      ]
    },
    "timing": {
      "warmup_batches": 5,
      "timed_batches": 14,
      "timed_total_seconds": 0.002570858458057046,
      "ms_per_batch": 199.949421454221,
      "ms_per_sample": 12.496838840888813,
      "note": "Full pipeline: CWT + Backbone + Aggregation + Head"
    }
  },
  "best_ckpt": "/workspace/base/src/outputs/tri_models_unified/normwear_base/run_20260202_200756/normwear_base_head_best.pt"
}