{
  "epoch": [
    1,
    2,
    3,
    4,
    5,
    6,
    7,
    8,
    9,
    10,
    11,
    12,
    13,
    14,
    15,
    16,
    17,
    18,
    19,
    20,
    21,
    22,
    23,
    24,
    25,
    26,
    27,
    28,
    29,
    30,
    31,
    32,
    33,
    34,
    35,
    36,
    37,
    38,
    39,
    40,
    41,
    42,
    43,
    44,
    45,
    46
  ],
  "train_loss": [
    1.4174154026585728,
    1.2819221896589132,
    1.2301367291928471,
    1.1686206983368452,
    1.1374741626559792,
    1.1234681488310452,
    1.0751778543325803,
    1.0438949273676505,
    1.032968252401737,
    1.0192348944791612,
    0.9912270998917019,
    0.9621849008146394,
    0.9513922808478016,
    0.94234423125819,
    0.907521889970497,
    0.9051721777504432,
    0.8864817490959016,
    0.8676130937284076,
    0.865267814243963,
    0.8460680765475155,
    0.8354132642655361,
    0.8274067010751152,
    0.8144143865586082,
    0.8005834303955568,
    0.8051256439276188,
    0.7950197982580437,
    0.7775846688122572,
    0.7633603235510541,
    0.7656154640591154,
    0.7634676574056146,
    0.7460285805561008,
    0.7479165387550046,
    0.7321316830619214,
    0.7245368199601404,
    0.7233023741182976,
    0.7241974918500639,
    0.7101402475261914,
    0.7117912367705966,
    0.7135804040226216,
    0.7034527020896132,
    0.706164248765506,
    0.6927549795602299,
    0.6888395373724985,
    0.6889631361689533,
    0.6878562058047085,
    0.6801443427022449
  ],
  "val_loss": [
    1.467800204827338,
    1.2474221481996424,
    1.2116479970493905,
    1.2946493455341883,
    1.1591164855396046,
    1.17935673896672,
    1.054534277495216,
    1.1602221769111163,
    1.1096709019997542,
    1.1400212006074708,
    0.987163582435843,
    1.0210719983450838,
    0.9630203709548929,
    1.0598628828171588,
    1.0509971790954846,
    1.0260298033388389,
    1.0861752904763742,
    1.014003929136848,
    1.048422963345418,
    0.9807114125299854,
    0.9802965099404172,
    1.0686081240491039,
    1.0587010744239103,
    1.04262316393919,
    1.0224230069072306,
    1.0096157365152483,
    0.9796584036503854,
    0.99580193333933,
    0.9642466400183883,
    0.9316247177391159,
    0.9184229383949473,
    0.9196298997275302,
    0.9496652238509234,
    0.9568021865118117,
    0.9312103759674799,
    0.9283216867794176,
    0.9539210866479313,
    0.9140730608745116,
    0.9235557397874463,
    0.9545845721616131,
    0.9397506313163693,
    0.9379117241760596,
    0.9109483319504255,
    0.890829129045417,
    0.956753652970664,
    0.9123001095293617
  ],
  "train_acc": [
    0.4552652414885194,
    0.5155384006334125,
    0.5470110847189232,
    0.5746239113222487,
    0.5918448139350753,
    0.6016429136975455,
    0.6194576405384006,
    0.6335114806017419,
    0.6452889944576405,
    0.6556809184481394,
    0.6688440221694378,
    0.6837885985748219,
    0.6929928741092637,
    0.6963578780680918,
    0.717735550277118,
    0.7131828978622328,
    0.7266429136975455,
    0.7360451306413301,
    0.7417854315122724,
    0.7516825019794141,
    0.7529691211401425,
    0.761381631037213,
    0.7687054631828979,
    0.7723673792557403,
    0.7734560570071259,
    0.776821060965954,
    0.7882026920031671,
    0.796021377672209,
    0.7935471100554236,
    0.7966152019002375,
    0.8063143309580364,
    0.8047307996832938,
    0.8130443388756928,
    0.8178939034045922,
    0.8195764053840063,
    0.8173990498812351,
    0.8246239113222487,
    0.8251187648456056,
    0.8250197941409343,
    0.8269002375296912,
    0.8284837688044339,
    0.8365993665874901,
    0.8356096595407759,
    0.8413499604117182,
    0.8411520190023754,
    0.8440221694378464
  ],
  "val_acc": [
    0.40896358543417366,
    0.5084033613445378,
    0.5378151260504201,
    0.5210084033613446,
    0.5896358543417367,
    0.5742296918767507,
    0.6400560224089635,
    0.5868347338935574,
    0.6218487394957983,
    0.5952380952380952,
    0.6512605042016807,
    0.6386554621848739,
    0.6778711484593838,
    0.6330532212885154,
    0.634453781512605,
    0.6358543417366946,
    0.6148459383753502,
    0.6512605042016807,
    0.623249299719888,
    0.665266106442577,
    0.6764705882352942,
    0.6134453781512605,
    0.6386554621848739,
    0.6386554621848739,
    0.6456582633053222,
    0.6470588235294118,
    0.665266106442577,
    0.6638655462184874,
    0.6764705882352942,
    0.6904761904761905,
    0.7086834733893558,
    0.6946778711484594,
    0.6932773109243697,
    0.6848739495798319,
    0.7030812324929971,
    0.7058823529411765,
    0.6932773109243697,
    0.7072829131652661,
    0.7016806722689075,
    0.696078431372549,
    0.6890756302521008,
    0.696078431372549,
    0.7058823529411765,
    0.7198879551820728,
    0.6890756302521008,
    0.7086834733893558
  ],
  "train_f1_macro": [
    0.45419024897721144,
    0.5145429714335833,
    0.5449733389137003,
    0.5719358972432966,
    0.5906451405701708,
    0.6007306687306612,
    0.6166907474454614,
    0.6297133526470594,
    0.6448326055661457,
    0.6553503833042152,
    0.6681089332464692,
    0.683409034762747,
    0.6903197086878148,
    0.6968880067915836,
    0.7176242709183601,
    0.7138167236297002,
    0.7264318668761064,
    0.7355386116864637,
    0.7417370814120986,
    0.7522269494680103,
    0.7532443218790683,
    0.7610440486998916,
    0.7683865533877642,
    0.7732298313046254,
    0.7743848287743579,
    0.7767991677099402,
    0.7889374705050066,
    0.7969409085796261,
    0.7942909243745394,
    0.7965468385998323,
    0.8060970484400345,
    0.8055560584611987,
    0.8137963494616877,
    0.8176382245918266,
    0.8187031565767273,
    0.8181005543549688,
    0.8249777680159838,
    0.825469264228348,
    0.8247882891549171,
    0.8275233150223519,
    0.8291059828716086,
    0.8372144667439075,
    0.8366125513360086,
    0.8417712696457388,
    0.841394585130228,
    0.8448971060671923
  ],
  "train_f1_micro": [
    0.4552652414885194,
    0.5155384006334125,
    0.5470110847189232,
    0.5746239113222487,
    0.5918448139350753,
    0.6016429136975455,
    0.6194576405384006,
    0.6335114806017419,
    0.6452889944576405,
    0.6556809184481394,
    0.6688440221694378,
    0.6837885985748219,
    0.6929928741092637,
    0.6963578780680918,
    0.717735550277118,
    0.7131828978622328,
    0.7266429136975455,
    0.7360451306413301,
    0.7417854315122724,
    0.7516825019794141,
    0.7529691211401425,
    0.761381631037213,
    0.7687054631828979,
    0.7723673792557403,
    0.7734560570071259,
    0.776821060965954,
    0.7882026920031671,
    0.796021377672209,
    0.7935471100554236,
    0.7966152019002375,
    0.8063143309580364,
    0.8047307996832938,
    0.8130443388756928,
    0.8178939034045922,
    0.8195764053840063,
    0.8173990498812351,
    0.8246239113222487,
    0.8251187648456056,
    0.8250197941409343,
    0.8269002375296912,
    0.8284837688044339,
    0.8365993665874901,
    0.8356096595407759,
    0.8413499604117182,
    0.8411520190023754,
    0.8440221694378464
  ],