{
  "acc": 0.7878787878787878,
  "prf": {
    "macro": {
      "precision": 0.4915799600010125,
      "recall": 0.7589190093708166,
      "f1": 0.5646501985174753
    },
    "micro": {
      "precision": 0.7878787878787878,
      "recall": 0.7878787878787878,
      "f1": 0.7878787878787878
    },
    "weighted": {
      "precision": 0.8994384875565099,
      "recall": 0.7878787878787878,
      "f1": 0.8247670627533328
    }
  },
  "per_class": {
    "precision": [
      0.5,
      0.6363636363636364,
      0.14285714285714285,
      0.2777777777777778,
      0.4,
      0.9924812030075187
    ],
    "recall": [
      0.75,
      0.875,
      0.3333333333333333,
      1.0,
      0.8,
      0.7951807228915663
    ],
    "f1": [
      0.6,
      0.7368421052631579,
      0.2,
      0.43478260869565216,
      0.5333333333333333,
      0.882943143812709
    ],
    "support": [
      8,
      8,
      6,
      5,
      5,
      166
    ]
  },
  "timing": {
    "window_forward_ms_per_sample": 10.843369811482262,
    "aggregation_ms_total": 0.0005462206900119781,
    "aggregation_ms_per_clip": 2.758690353595849e-06
  },
  "early_stop": {
    "default_k": 3,
    "k_map_size": 0,
    "missed_early": 33,
    "n_clips": 198
  }
}