{
  "val": {
    "loss": 0.9140730608745116,
    "acc": 0.7072829131652661,
    "prf": {
      "macro": {
        "precision": 0.4072247477978732,
        "recall": 0.6945370370370371,
        "f1": 0.47045720541886604
      },
      "micro": {
        "precision": 0.7072829131652661,
        "recall": 0.7072829131652661,
        "f1": 0.7072829131652661
      },
      "weighted": {
        "precision": 0.8674642899434657,
        "recall": 0.7072829131652661,
        "f1": 0.7575592320067529
      }
    },
    "per_class": {
      "precision": [
        0.2702702702702703,
        0.5333333333333333,
        0.20408163265306123,
        0.24731182795698925,
        0.21568627450980393,
        0.9726651480637813
      ],
      "recall": [
        0.5555555555555556,
        0.8,
        0.4166666666666667,
        0.7666666666666667,
        0.9166666666666666,
        0.7116666666666667
      ],
      "f1": [
        0.36363636363636365,
        0.64,
        0.273972602739726,
        0.37398373983739835,
        0.3492063492063492,
        0.821944177093359
      ],
      "support": [
        18,
        30,
        24,
        30,
        12,
        600
      ]
    },
    "timing": {
      "warmup_batches": 5,
      "timed_batches": 7,
      "timed_total_seconds": 0.0012157298624515533,
      "ms_per_batch": 173.4939169837162,
      "ms_per_sample": 10.843369811482262,
      "note": "Full pipeline: CWT + Backbone + Aggregation + Head"
    }
  },
  "test": {
    "loss": 1.0165491515538507,
    "acc": 0.6818181818181818,
    "prf": {
      "macro": {
        "precision": 0.3841362502232067,
        "recall": 0.6171603078982598,
        "f1": 0.4296908020800858
      },
      "micro": {
        "precision": 0.6818181818181818,
        "recall": 0.6818181818181818,
        "f1": 0.6818181818181818
      },
      "weighted": {
        "precision": 0.8629136783286981,
        "recall": 0.6818181818181818,
        "f1": 0.7424547285126838
      }
    },
    "per_class": {
      "precision": [
        0.391304347826087,
        0.42857142857142855,
        0.15151515151515152,
        0.16,
        0.2,
        0.9734265734265735
      ],
      "recall": [
        0.5625,
        0.625,
        0.4166666666666667,
        0.6666666666666666,
        0.7333333333333333,
        0.6987951807228916
      ],
      "f1": [
        0.46153846153846156,
        0.5084745762711864,
        0.2222222222222222,
        0.25806451612903225,
        0.3142857142857143,
        0.8135593220338984
      ],
      "support": [
        48,
        48,
        36,
        30,
        30,
        996
      ]
    },
    "timing": {
      "warmup_batches": 5,
      "timed_batches": 14,
      "timed_total_seconds": 0.0024540619924664497,
      "ms_per_batch": 173.4939169837162,
      "ms_per_sample": 10.843369811482262,
      "note": "Full pipeline: CWT + Backbone + Aggregation + Head"
    }
  },
  "best_ckpt": "/workspace/base/src/outputs/Benchmark/normwear_base/run_20260131_234319/normwear_base_head_best.pt"
}