{
  "epoch": [
    1,
    2,
    3,
    4,
    5,
    6,
    7,
    8,
    9,
    10,
    11,
    12,
    13,
    14,
    15,
    16,
    17,
    18,
    19,
    20,
    21,
    22,
    23,
    24,
    25,
    26,
    27,
    28,
    29,
    30,
    31,
    32,
    33,
    34,
    35,
    36,
    37,
    38,
    39,
    40,
    41,
    42,
    43,
    44,
    45,
    46,
    47,
    48,
    49
  ],
  "train_loss": [
    1.4391058167104955,
    1.2105805866319983,
    1.0513638726605938,
    0.9373819139488897,
    0.8229684522014143,
    0.7297523558517345,
    0.6606559606176091,
    0.6027382038834542,
    0.5467852270990162,
    0.5142466834586288,
    0.49400767355992126,
    0.4705336118442901,
    0.44525720671067043,
    0.42572095957145933,
    0.4091435956369764,
    0.4012139459167882,
    0.3851773918430105,
    0.37335066302655145,
    0.3714531940641803,
    0.3575142881083092,
    0.3610504312781427,
    0.3454596372653073,
    0.3469779940465095,
    0.33201072930770553,
    0.3239321706319554,
    0.32154480071173525,
    0.32420162954504117,
    0.3213286996123721,
    0.31683543059010405,
    0.31112023020017177,
    0.30858311378002545,
    0.29972635841945383,
    0.29808111485279654,
    0.2948310809152426,
    0.2939428285012053,
    0.29437389194682206,
    0.295277085459053,
    0.2911112724035766,
    0.28854754689847867,
    0.29281507440719545,
    0.29088800003485177,
    0.285898841357099,
    0.2869656892494842,
    0.2781016182446423,
    0.28199325553830995,
    0.2853956967474257,
    0.2813412266077735,
    0.27885447811816105,
    0.2756735665026111
  ],
  "val_loss": [
    2.412783276801016,
    2.6487864806872454,
    2.4876826684348057,
    2.414523841954079,
    2.3126479410657694,
    2.311123496678029,
    2.215431842483392,
    2.084732406947459,
    2.1321830776225283,
    1.9998474882430388,
    1.9389630225526184,
    1.8126253320389436,
    1.7581503458049785,
    1.8655323234258914,
    1.508218744555775,
    1.6025907572577982,
    1.4827909509674841,
    1.6988164022857069,
    1.5092932276365136,
    1.3419351136984945,
    1.4568294570559548,
    1.4018444647642077,
    1.44197440080616,
    1.312519302555159,
    1.5869460580061798,
    1.368839817554677,
    1.4413624738110882,
    1.2223950026749897,
    1.3408555610507142,
    1.4168190802512717,
    1.418922258024456,
    1.3847360490750866,
    1.4137736822710651,
    1.390819274410814,
    1.2307888733572652,
    1.2914891797287458,
    1.32648559244407,
    1.2483489900743927,
    1.2627772623751343,
    1.2895010071976178,
    1.2017212291391624,
    1.2820838005268942,
    1.3932409620418602,
    1.2855250792009156,
    1.2863083777307462,
    1.2426974873582857,
    1.4905878699460284,
    1.243258726697008,
    1.2529623000895609
  ],
  "train_acc": [
    0.3596595407759303,
    0.4610055423594616,
    0.5355304829770388,
    0.5989707046714172,
    0.6591448931116389,
    0.6959619952494062,
    0.730304829770388,
    0.7531670625494854,
    0.8004750593824228,
    0.8390736342042755,
    0.8544140934283452,
    0.8661916072842438,
    0.880443388756928,
    0.8917260490894695,
    0.8992478226444972,
    0.9033056215360253,
    0.9142913697545526,
    0.9228028503562945,
    0.9212193190815519,
    0.9320071258907363,
    0.9278503562945368,
    0.9361638954869359,
    0.9359659540775931,
    0.9451702296120348,
    0.9467537608867775,
    0.9457640538400633,
    0.9492280285035629,
    0.9492280285035629,
    0.9506136183689627,
    0.9531868566904196,
    0.9565518606492478,
    0.9596199524940617,
    0.9636777513855899,
    0.9630839271575614,
    0.9624901029295329,
    0.9647664291369754,
    0.9630839271575614,
    0.9643705463182898,
    0.9673396674584323,
    0.9647664291369754,
    0.966547901821061,
    0.9697149643705463,
    0.9680324623911323,
    0.9733768804433888,
    0.9722882026920031,
    0.9687252573238322,
    0.9705067300079177,
    0.9727830562153602,
    0.9734758511480601
  ],
  "val_acc": [
    0.08123249299719888,
    0.07563025210084033,
    0.08263305322128851,
    0.10644257703081232,
    0.11764705882352941,
    0.11204481792717087,
    0.13165266106442577,
    0.18347338935574228,
    0.28291316526610644,
    0.4061624649859944,
    0.41596638655462187,
    0.5070028011204482,
    0.5700280112044818,
    0.5014005602240896,
    0.634453781512605,
    0.6134453781512605,
    0.6568627450980392,
    0.5756302521008403,
    0.6372549019607843,
    0.7226890756302521,
    0.6904761904761905,
    0.7254901960784313,
    0.6946778711484594,
    0.7338935574229691,
    0.6204481792717087,
    0.7016806722689075,
    0.7030812324929971,
    0.7857142857142857,
    0.7408963585434174,
    0.7338935574229691,
    0.7338935574229691,
    0.7759103641456583,
    0.7394957983193278,
    0.7016806722689075,
    0.7913165266106442,
    0.7773109243697479,
    0.7324929971988795,
    0.7773109243697479,
    0.788515406162465,
    0.7647058823529411,
    0.8025210084033614,
    0.7801120448179272,
    0.7170868347338936,
    0.7563025210084033,
    0.7913165266106442,
    0.7661064425770309,
    0.6932773109243697,
    0.7745098039215687,
    0.7913165266106442
  ],
  "train_f1_macro": [
    0.27760643842749727,
    0.4061673028240023,
    0.48303537919430295,
    0.5427645672166891,
    0.5987768248267492,
    0.6360507553986162,
    0.6669181703245829,
    0.6917647211088288,
    0.7730452590281129,
    0.8276231264102846,
    0.8467353066377603,
    0.860694542388626,
    0.875008276921457,
    0.8868600255105735,
    0.8958077233634981,
    0.9000222468697813,
    0.9107071648861759,
    0.9209683469442204,
    0.9199636821934609,
    0.9301644995454011,
    0.9260617447214933,
    0.9350170880503769,
    0.9348064169379194,
    0.9435033515945758,
    0.9455258931085146,
    0.9441308617533509,
    0.9484275564613761,
    0.9489916430410584,
    0.9496966368172813,
    0.9526419449428171,
    0.9560339799620587,
    0.9587085764138568,
    0.9632932598533127,
    0.9624688626508301,
    0.9617716052969704,
    0.964488399176187,
    0.96255108479045,
    0.9636263624554494,
    0.9671634601454465,
    0.9645761806765826,
    0.9663057113369192,
    0.9693629794684586,
    0.9680746596251776,
    0.9730429562185489,
    0.9720700308717962,
    0.9682521085669467,
    0.97041312699325,
    0.9725574518145143,
    0.9729911176081556
  ],
  "train_f1_micro": [
    0.3596595407759303,
    0.4610055423594616,
    0.5355304829770388,
    0.5989707046714172,
    0.6591448931116389,
    0.6959619952494062,
    0.730304829770388,
    0.7531670625494854,
    0.8004750593824228,
    0.8390736342042755,
    0.8544140934283452,
    0.8661916072842438,
    0.880443388756928,
    0.8917260490894695,
    0.8992478226444972,
    0.9033056215360253,
    0.9142913697545526,
    0.9228028503562945,
    0.9212193190815519,
    0.9320071258907363,
    0.9278503562945368,
    0.9361638954869359,
    0.9359659540775931,
    0.9451702296120348,
    0.9467537608867775,
    0.9457640538400633,
    0.9492280285035629,
    0.9492280285035629,
    0.9506136183689627,
    0.9531868566904196,
    0.9565518606492478,
    0.9596199524940617,
    0.9636777513855899,
    0.9630839271575614,
    0.9624901029295329,
    0.9647664291369754,
    0.9630839271575614,
    0.9643705463182898,
    0.9673396674584323,
    0.9647664291369754,
    0.966547901821061,
    0.9697149643705463,
    0.9680324623911323,
    0.9733768804433888,
    0.9722882026920031,
    0.9687252573238322,
    0.9705067300079177,
    0.9727830562153602,
    0.9734758511480601
  ],