{
  "acc": 0.8787878787878788,
  "prf": {
    "macro": {
      "precision": 0.650974025974026,
      "recall": 0.9491298527443107,
      "f1": 0.755567645322372
    },
    "micro": {
      "precision": 0.8787878787878788,
      "recall": 0.8787878787878788,
      "f1": 0.8787878787878788
    },
    "weighted": {
      "precision": 0.9332447855175128,
      "recall": 0.8787878787878788,
      "f1": 0.8933906290946287
    }
  },
  "per_class": {
    "precision": [
      0.5714285714285714,
      0.7272727272727273,
      0.35714285714285715,
      0.625,
      0.625,
      1.0
    ],
    "recall": [
      1.0,
      1.0,
      0.8333333333333334,
      1.0,
      1.0,
      0.8614457831325302
    ],
    "f1": [
      0.7272727272727273,
      0.8421052631578947,
      0.5,
      0.7692307692307693,
      0.7692307692307693,
      0.9255663430420712
    ],
    "support": [
      8,
      8,
      6,
      5,
      5,
      166
    ]
  },
  "timing": {
    "window_forward_ms_per_sample": 0.33828831784997876,
    "aggregation_ms_total": 0.0008549541234970093,
    "aggregation_ms_per_clip": 4.317950118671764e-06
  },
  "early_stop": {
    "default_k": 3,
    "k_map_size": 0,
    "missed_early": 20,
    "n_clips": 198
  }
}