{
  "val": {
    "loss": 1.2017212291391624,
    "acc": 0.8025210084033614,
    "prf": {
      "macro": {
        "precision": 0.5316796815829353,
        "recall": 0.8693518518518518,
        "f1": 0.6263018602491047
      },
      "micro": {
        "precision": 0.8025210084033614,
        "recall": 0.8025210084033614,
        "f1": 0.8025210084033614
      },
      "weighted": {
        "precision": 0.9026966418891078,
        "recall": 0.8025210084033614,
        "f1": 0.8306144619205306
      }
    },
    "per_class": {
      "precision": [
        0.4857142857142857,
        0.5897435897435898,
        0.47619047619047616,
        0.35365853658536583,
        0.2972972972972973,
        0.9874739039665971
      ],
      "recall": [
        0.9444444444444444,
        0.7666666666666667,
        0.8333333333333334,
        0.9666666666666667,
        0.9166666666666666,
        0.7883333333333333
      ],
      "f1": [
        0.6415094339622641,
        0.6666666666666666,
        0.6060606060606061,
        0.5178571428571429,
        0.4489795918367347,
        0.8767377201112141
      ],
      "support": [
        18,
        30,
        24,
        30,
        12,
        600
      ]
    },
    "timing": {
      "warmup_batches": 5,
      "timed_batches": 40,
      "timed_total_seconds": 0.22660023998469114,
      "ms_per_batch": 5.665005999617279,
      "ms_per_sample": 0.3173672828917243
    }
  },
  "test": {
    "loss": 1.1683545738759666,
    "acc": 0.7744107744107744,
    "prf": {
      "macro": {
        "precision": 0.48353835334925516,
        "recall": 0.8176204819277109,
        "f1": 0.5755918150071145
      },
      "micro": {
        "precision": 0.7744107744107744,
        "recall": 0.7744107744107744,
        "f1": 0.7744107744107744
      },
      "weighted": {
        "precision": 0.8911812136847225,
        "recall": 0.7744107744107744,
        "f1": 0.8081344258733206
      }
    },
    "per_class": {
      "precision": [
        0.48863636363636365,
        0.5,
        0.27586206896551724,
        0.3176470588235294,
        0.3333333333333333,
        0.9857512953367875
      ],
      "recall": [
        0.8958333333333334,
        0.8125,
        0.6666666666666666,
        0.9,
        0.8666666666666667,
        0.7640562248995983
      ],
      "f1": [
        0.6323529411764706,
        0.6190476190476191,
        0.3902439024390244,
        0.46956521739130436,
        0.48148148148148145,
        0.8608597285067874
      ],
      "support": [
        48,
        48,
        36,
        30,
        30,
        996
      ]
    },
    "timing": {
      "warmup_batches": 5,
      "timed_batches": 70,
      "timed_total_seconds": 0.40188652160577476,
      "ms_per_batch": 5.741236022939639,
      "ms_per_sample": 0.33828831784997876
    }
  },
  "best_ckpt": "/workspace/base/src/outputs/Benchmark/apple/run_20260130-110345/filterbank_imu_cnn_best.pt"
}