{
  "acc": 0.7597556837461825,
  "prf": {
    "macro": {
      "precision": 0.7701386214406357,
      "recall": 0.7673240128987772,
      "f1": 0.767455871667109
    },
    "micro": {
      "precision": 0.7597556837461825,
      "recall": 0.7597556837461825,
      "f1": 0.7597556837461825
    },
    "weighted": {
      "precision": 0.7624460843815741,
      "recall": 0.7597556837461825,
      "f1": 0.7597559217442438
    }
  },
  "auc_ovr": 0.9502077211544256,
  "support": [
    496,
    471,
    420,
    491,
    532,
    537
  ]
}