{
  "base": {
    "acc": 0.7865626060400407,
    "prf": {
      "macro": {
        "precision": 0.7945910659746717,
        "recall": 0.7932116805093443,
        "f1": 0.7931290701151977
      },
      "micro": {
        "precision": 0.7865626060400407,
        "recall": 0.7865626060400407,
        "f1": 0.7865626060400407
      },
      "weighted": {
        "precision": 0.7877787961391767,
        "recall": 0.7865626060400407,
        "f1": 0.7863598624376038
      }
    },
    "auc_ovr": 0.957221166844278,
    "support": [
      496,
      471,
      420,
      491,
      532,
      537
    ]
  },
  "lora": {
    "acc": 0.7597556837461825,
    "prf": {
      "macro": {
        "precision": 0.7701386214406357,
        "recall": 0.7673240128987772,
        "f1": 0.767455871667109
      },
      "micro": {
        "precision": 0.7597556837461825,
        "recall": 0.7597556837461825,
        "f1": 0.7597556837461825
      },
      "weighted": {
        "precision": 0.7624460843815741,
        "recall": 0.7597556837461825,
        "f1": 0.7597559217442438
      }
    },
    "auc_ovr": 0.9502077211544256,
    "support": [
      496,
      471,
      420,
      491,
      532,
      537
    ]
  },
  "delta": {
    "acc": -0.02680692229385817,
    "f1_macro": -0.025673198448088685,
    "f1_micro": -0.02680692229385817,
    "f1_weighted": -0.02660394069336003,
    "auc_ovr": -0.0070134456898524045
  },
  "load_mode": "weights_only",
  "artifacts": {
    "cm_base_png": "/workspace/base/src/outputs/tri_models_unified/normwear/run_20260201_195510/ucihar_cm_base.png",
    "cm_lora_png": "/workspace/base/src/outputs/tri_models_unified/normwear/run_20260201_195510/ucihar_cm_lora.png",
    "cm_base_counts_npy": "/workspace/base/src/outputs/tri_models_unified/normwear/run_20260201_195510/ucihar_cm_base_counts.npy",
    "cm_base_norm01_npy": "/workspace/base/src/outputs/tri_models_unified/normwear/run_20260201_195510/ucihar_cm_base_norm01.npy",
    "cm_lora_counts_npy": "/workspace/base/src/outputs/tri_models_unified/normwear/run_20260201_195510/ucihar_cm_lora_counts.npy",
    "cm_lora_norm01_npy": "/workspace/base/src/outputs/tri_models_unified/normwear/run_20260201_195510/ucihar_cm_lora_norm01.npy"
  }
}