{
  "epoch": [
    1,
    2,
    3,
    4,
    5,
    6,
    7,
    8,
    9,
    10,
    11,
    12,
    13,
    14,
    15,
    16,
    17,
    18,
    19,
    20,
    21,
    22,
    23,
    24,
    25,
    26,
    27,
    28,
    29,
    30,
    31,
    32,
    33,
    34,
    35,
    36,
    37
  ],
  "train_loss": [
    1.780517402352522,
    1.5266579460671124,
    1.4220998046254385,
    1.322266463572968,
    1.2480184010435524,
    1.1996408728197603,
    1.1053028432164782,
    1.079415202219807,
    1.0763873427494066,
    1.015336009506519,
    0.959175883420182,
    0.9254588906618046,
    0.931282099230231,
    0.8700523986336093,
    0.8509446826891207,
    0.836699641722571,
    0.8369012326890858,
    0.7458487248246918,
    0.7397497066446611,
    0.7581482455776257,
    0.7332472432678784,
    0.7072073331805078,
    0.6936053209070973,
    0.6443219433326923,
    0.6753642792888158,
    0.6258348418514487,
    0.6254905155749413,
    0.6221860887753087,
    0.6085116901960177,
    0.5872772557992979,
    0.5919562921056375,
    0.5461257516429312,
    0.5722722530641486,
    0.5308666877236249,
    0.5565016232554371,
    0.5058996471409137,
    0.5343381105234009
  ],
  "val_loss": [
    1.0150999715264772,
    1.1316552149648427,
    0.9987782480127337,
    0.9473161917774617,
    1.0202219158995385,
    0.8588463808892488,
    0.7470388935268426,
    0.7130296352196809,
    0.8498147695588798,
    0.6792551283450687,
    0.7628563658363011,
    0.6672626246466022,
    0.8549806557867039,
    0.7965509721628424,
    0.7681321769702334,
    0.7587197778605613,
    0.7465893088185153,
    0.7463417523214463,
    0.9683583923915521,
    0.787563349686417,
    0.6604837847753566,
    0.7615939435035157,
    0.7147893363855132,
    0.710032476159204,
    0.7358602776246912,
    0.7744026445374101,
    0.7411244330035538,
    0.6387484566170294,
    0.6162147497867837,
    0.7864804278213938,
    0.7229687509020003,
    0.7211938401376333,
    0.6147074796551583,
    0.6307159210620474,
    0.6707191185436162,
    0.7083817904173326,
    0.8238749291006925
  ],
  "train_acc": [
    0.29721669980119286,
    0.37375745526838966,
    0.4294234592445328,
    0.45294897282968855,
    0.4993373094764745,
    0.5072895957587806,
    0.5695825049701789,
    0.5781974817760106,
    0.6060304837640822,
    0.6156394963552021,
    0.6438038436050364,
    0.6563949635520212,
    0.6544068919814446,
    0.6829025844930418,
    0.694831013916501,
    0.7044400265076209,
    0.7087475149105368,
    0.7319416832339297,
    0.7418820410868124,
    0.7256461232604374,
    0.7398939695162359,
    0.7498343273691186,
    0.7604373757455268,
    0.7713717693836978,
    0.7577866136514247,
    0.7939032471835653,
    0.7809807819748178,
    0.7849569251159708,
    0.790258449304175,
    0.7948972829688535,
    0.8041749502982107,
    0.8144466534128562,
    0.8005301524188204,
    0.8180914512922465,
    0.8074884029158383,
    0.8363154406891982,
    0.8091451292246521
  ],
  "val_acc": [
    0.6442577030812325,
    0.5350140056022409,
    0.5966386554621849,
    0.6176470588235294,
    0.5952380952380952,
    0.6708683473389355,
    0.7226890756302521,
    0.7464985994397759,
    0.6862745098039216,
    0.757703081232493,
    0.7240896358543417,
    0.7675070028011205,
    0.6848739495798319,
    0.7100840336134454,
    0.7240896358543417,
    0.7240896358543417,
    0.7380952380952381,
    0.7352941176470589,
    0.6260504201680672,
    0.7394957983193278,
    0.7619047619047619,
    0.757703081232493,
    0.7408963585434174,
    0.757703081232493,
    0.7380952380952381,
    0.7338935574229691,
    0.7549019607843137,
    0.7745098039215687,
    0.8011204481792717,
    0.711484593837535,
    0.7535014005602241,
    0.7605042016806722,
    0.8011204481792717,
    0.7843137254901961,
    0.7717086834733894,
    0.7647058823529411,
    0.7184873949579832
  ],
  "train_f1_macro": [
    0.285740457695628,
    0.37806635118466136,
    0.43102593459776456,
    0.45924422519391106,
    0.4991370893584903,
    0.5082938693335423,
    0.5712339284420586,
    0.5742318033509403,
    0.6055484266372365,
    0.6169623706896431,
    0.6424707614018097,
    0.657922361631435,
    0.6561411707566073,
    0.6847951830466362,
    0.6979679418753397,
    0.706229070455087,
    0.7100561252593786,
    0.7328132783922884,
    0.7443889441624099,
    0.7299625095987189,
    0.7443867279567349,
    0.7510768555607591,
    0.7605020968714077,
    0.7721313444743706,
    0.7600288920823508,
    0.7951467302901979,
    0.7815919972408031,
    0.7861840865526935,
    0.7911051902849313,
    0.7959090740971817,
    0.8048650848560522,
    0.8164657799862819,
    0.8018902958284393,
    0.8200774911988044,
    0.8088897021761499,
    0.8365755128917111,
    0.8107848835881096
  ],
  "train_f1_micro": [
    0.29721669980119286,
    0.37375745526838966,
    0.4294234592445328,
    0.45294897282968855,
    0.4993373094764745,
    0.5072895957587806,
    0.5695825049701789,
    0.5781974817760106,
    0.6060304837640822,
    0.6156394963552021,
    0.6438038436050364,
    0.6563949635520212,
    0.6544068919814446,
    0.6829025844930418,
    0.694831013916501,
    0.7044400265076209,
    0.7087475149105368,
    0.7319416832339297,
    0.7418820410868124,
    0.7256461232604374,
    0.7398939695162359,
    0.7498343273691186,
    0.7604373757455268,
    0.7713717693836978,
    0.7577866136514247,
    0.7939032471835653,
    0.7809807819748178,
    0.7849569251159708,
    0.790258449304175,
    0.7948972829688535,
    0.8041749502982107,
    0.8144466534128562,
    0.8005301524188204,
    0.8180914512922465,
    0.8074884029158383,
    0.8363154406891982,
    0.8091451292246521
  ],
  "train_f1_weighted": [
    0.2866815287306037,
    0.37514508885816905,
    0.4324188491370007,
    0.4572078252417104,
    0.4999839090445804,
    0.5077521282536639,
    0.5707679304681201,
    0.5773727873325992,
    0.6056644620981954,
    0.6162431273272793,
    0.643172072894442,
    0.6575328377967555,
    0.656928467086116,
    0.6845713331257595,
    0.69861269422918,
    0.7067280352535242,
    0.7089772083403687,
    0.7343815741705481,
    0.7445989382379176,
    0.7284122908370564,
    0.7422911552329449,
    0.7514379156461123,
    0.7627055555096903,
    0.7736862849801478,
    0.7612223692124025,
    0.7954807270787198,
    0.7828212071593512,
    0.7869467429510137,
    0.7916958427894801,
    0.7963811944517885,
    0.8058414276271232,
    0.8158672906501714,
    0.8020968012899807,
    0.8189074127939103,
    0.8090287668948385,
    0.8374866277939377,
    0.8107654936930295
  ],
  "val_f1_macro": [
    0.25763629076606176,
    0.2310101655005059,
    0.2736629765836473,
    0.2598781006369372,
    0.31796572774438253,
    0.33660907872985835,
    0.38936990588776305,
    0.3617648004512019,
    0.37361886221068574,
    0.43600667933975107,
    0.40541856947878063,
    0.4389290872479767,
    0.3918105061956711,
    0.41010068237165936,
    0.42413430283624615,
    0.41110806335751926,
    0.4427563822752778,
    0.4128209617553571,
    0.374931475234241,
    0.44842563710941036,
    0.47458466759335144,
    0.45512930066587853,
    0.43637391834002265,
    0.43484316045291654,
    0.42418547175925464,
    0.4197376276135462,
    0.46012175794543203,
    0.45816746698233796,
    0.4953452910341481,
    0.38912594474824275,
    0.4435863366939219,
    0.4437528642510786,
    0.4716090488329419,
    0.4718568558180783,
    0.45066599453019984,
    0.4442785473352791,
    0.41698860672766025
  ],