{
  "val": {
    "loss": 0.6162147497867837,
    "acc": 0.8011204481792717,
    "prf": {
      "macro": {
        "precision": 0.45693550664551635,
        "recall": 0.5775925925925925,
        "f1": 0.4953452910341481
      },
      "micro": {
        "precision": 0.8011204481792717,
        "recall": 0.8011204481792717,
        "f1": 0.8011204481792717
      },
      "weighted": {
        "precision": 0.8634619687156714,
        "recall": 0.8011204481792717,
        "f1": 0.8268773085712343
      }
    },
    "per_class": {
      "precision": [
        0.43478260869565216,
        0.53125,
        0.15555555555555556,
        0.5,
        0.16666666666666666,
        0.9533582089552238
      ],
      "recall": [
        0.5555555555555556,
        0.5666666666666667,
        0.2916666666666667,
        0.7,
        0.5,
        0.8516666666666667
      ],
      "f1": [
        0.4878048780487805,
        0.5483870967741935,
        0.2028985507246377,
        0.5833333333333334,
        0.25,
        0.8996478873239436
      ],
      "support": [
        18,
        30,
        24,
        30,
        12,
        600
      ]
    },
    "timing": {
      "warmup_batches": 5,
      "timed_batches": 40,
      "timed_total_seconds": 0.14132840605452657,
      "ms_per_batch": 3.533210151363164,
      "ms_per_sample": 0.1979389440539588
    }
  },
  "test": {
    "loss": 0.6887962969242648,
    "acc": 0.7794612794612794,
    "prf": {
      "macro": {
        "precision": 0.4001402296948701,
        "recall": 0.4623744979919679,
        "f1": 0.41914542142565847
      },
      "micro": {
        "precision": 0.7794612794612794,
        "recall": 0.7794612794612794,
        "f1": 0.7794612794612794
      },
      "weighted": {
        "precision": 0.8356945305588812,
        "recall": 0.7794612794612794,
        "f1": 0.8040849965638083
      }
    },
    "per_class": {
      "precision": [
        0.5869565217391305,
        0.34615384615384615,
        0.11392405063291139,
        0.2631578947368421,
        0.15555555555555556,
        0.935093509350935
      ],
      "recall": [
        0.5625,
        0.375,
        0.25,
        0.5,
        0.23333333333333334,
        0.8534136546184738
      ],
      "f1": [
        0.574468085106383,
        0.36,
        0.1565217391304348,
        0.3448275862068966,
        0.18666666666666668,
        0.8923884514435696
      ],
      "support": [
        48,
        48,
        36,
        30,
        30,
        996
      ]
    },
    "timing": {
      "warmup_batches": 5,
      "timed_batches": 70,
      "timed_total_seconds": 0.25477792602032423,
      "ms_per_batch": 3.6396846574332034,
      "ms_per_sample": 0.2144595336871416
    }
  },
  "best_ckpt": "/workspace/base/src/outputs/Benchmark/inceptiontime/run_20260201-132046/best_inceptiontime.pt"
}