{
  "acc": 0.8686868686868687,
  "prf": {
    "macro": {
      "precision": 0.5750908395486709,
      "recall": 0.527074966532798,
      "f1": 0.5427856447434761
    },
    "micro": {
      "precision": 0.8686868686868687,
      "recall": 0.8686868686868687,
      "f1": 0.8686868686868687
    },
    "weighted": {
      "precision": 0.8804954304954304,
      "recall": 0.8686868686868687,
      "f1": 0.8729852638943548
    }
  },
  "per_class": {
    "precision": [
      1.0,
      0.5714285714285714,
      0.1,
      0.5,
      0.3333333333333333,
      0.9457831325301205
    ],
    "recall": [
      0.75,
      0.5,
      0.16666666666666666,
      0.6,
      0.2,
      0.9457831325301205
    ],
    "f1": [
      0.8571428571428571,
      0.5333333333333333,
      0.125,
      0.5454545454545454,
      0.25,
      0.9457831325301205
    ],
    "support": [
      8,
      8,
      6,
      5,
      5,
      166
    ]
  },
  "timing": {
    "window_forward_ms_per_sample": 0.2144595336871416,
    "aggregation_ms_total": 0.0007150229066610336,
    "aggregation_ms_per_clip": 3.611226801318352e-06
  },
  "early_stop": {
    "default_k": 3,
    "k_map_size": 0,
    "missed_early": 1,
    "n_clips": 198
  }
}