{
  "val": {
    "loss": 0.48208065873601524,
    "acc": 0.8235294117647058,
    "prf": {
      "macro": {
        "precision": 0.5201070858965596,
        "recall": 0.6698148148148148,
        "f1": 0.5602385428183659
      },
      "micro": {
        "precision": 0.8235294117647058,
        "recall": 0.8235294117647058,
        "f1": 0.8235294117647058
      },
      "weighted": {
        "precision": 0.8863033251578144,
        "recall": 0.8235294117647058,
        "f1": 0.8458802492724006
      }
    },
    "per_class": {
      "precision": [
        0.4642857142857143,
        0.7272727272727273,
        0.35714285714285715,
        0.45614035087719296,
        0.15151515151515152,
        0.9642857142857143
      ],
      "recall": [
        0.7222222222222222,
        0.5333333333333333,
        0.625,
        0.8666666666666667,
        0.4166666666666667,
        0.855
      ],
      "f1": [
        0.5652173913043478,
        0.6153846153846154,
        0.45454545454545453,
        0.5977011494252874,
        0.2222222222222222,
        0.9063604240282686
      ],
      "support": [
        18,
        30,
        24,
        30,
        12,
        600
      ]
    },
    "timing": {
      "warmup_batches": 5,
      "timed_batches": 40,
      "timed_total_seconds": 0.13928185938857496,
      "ms_per_batch": 3.482046484714374,
      "ms_per_sample": 0.1950726321968837
    }
  },
  "test": {
    "loss": 0.634403162807154,
    "acc": 0.7769360269360269,
    "prf": {
      "macro": {
        "precision": 0.48526277308267507,
        "recall": 0.6443635653726015,
        "f1": 0.5158507464551965
      },
      "micro": {
        "precision": 0.7769360269360269,
        "recall": 0.7769360269360269,
        "f1": 0.7769360269360269
      },
      "weighted": {
        "precision": 0.8675528281796492,
        "recall": 0.7769360269360269,
        "f1": 0.809538274920485
      }
    },
    "per_class": {
      "precision": [
        0.5645161290322581,
        0.6857142857142857,
        0.2602739726027397,
        0.23636363636363636,
        0.21311475409836064,
        0.9515938606847698
      ],
      "recall": [
        0.7291666666666666,
        0.5,
        0.5277777777777778,
        0.8666666666666667,
        0.43333333333333335,
        0.8092369477911646
      ],
      "f1": [
        0.6363636363636364,
        0.5783132530120482,
        0.3486238532110092,
        0.37142857142857144,
        0.2857142857142857,
        0.8746608790016278
      ],
      "support": [
        48,
        48,
        36,
        30,
        30,
        996
      ]
    },
    "timing": {
      "warmup_batches": 5,
      "timed_batches": 70,
      "timed_total_seconds": 0.2462968819309026,
      "ms_per_batch": 3.51852688472718,
      "ms_per_sample": 0.20732060768594496
    }
  },
  "best_ckpt": "/workspace/base/src/outputs/Benchmark/inceptiontime/run_20260201-202339/best_inceptiontime.pt"
}