{
  "acc": 0.8383838383838383,
  "prf": {
    "macro": {
      "precision": 0.5984920634920635,
      "recall": 0.7237449799196787,
      "f1": 0.6238848363103762
    },
    "micro": {
      "precision": 0.8383838383838383,
      "recall": 0.8383838383838383,
      "f1": 0.8383838383838383
    },
    "weighted": {
      "precision": 0.8969901394901394,
      "recall": 0.8383838383838383,
      "f1": 0.8595815700804531
    }
  },
  "per_class": {
    "precision": [
      1.0,
      0.625,
      0.21428571428571427,
      0.4166666666666667,
      0.375,
      0.96
    ],
    "recall": [
      0.75,
      0.625,
      0.5,
      1.0,
      0.6,
      0.8674698795180723
    ],
    "f1": [
      0.8571428571428571,
      0.625,
      0.3,
      0.5882352941176471,
      0.46153846153846156,
      0.9113924050632911
    ],
    "support": [
      8,
      8,
      6,
      5,
      5,
      166
    ]
  },
  "timing": {
    "window_forward_ms_per_sample": 0.20732060768594496,
    "aggregation_ms_total": 0.000633997842669487,
    "aggregation_ms_per_clip": 3.2020093064115505e-06
  },
  "early_stop": {
    "default_k": 3,
    "k_map_size": 0,
    "missed_early": 13,
    "n_clips": 198
  }
}