{
  "epoch": [
    1,
    2,
    3,
    4,
    5,
    6,
    7,
    8,
    9,
    10,
    11,
    12,
    13,
    14,
    15,
    16,
    17,
    18,
    19,
    20,
    21,
    22,
    23,
    24,
    25,
    26,
    27,
    28,
    29,
    30,
    31
  ],
  "train_loss": [
    1.4698376442281673,
    1.2643904932450585,
    1.2361431403852126,
    1.2200381926466408,
    1.181888023380257,
    1.1401143382131225,
    1.1206364877339308,
    1.0986686239896664,
    1.0591363200610484,
    1.0504813458131117,
    1.0282322679472886,
    1.025708377953789,
    0.9904196390337783,
    0.9697382693420269,
    0.9511815567060841,
    0.942855928456096,
    0.9488107139816183,
    0.9271166652460775,
    0.925863711821314,
    0.877534530113832,
    0.9017550085774315,
    0.8657222055219672,
    0.8616334319588679,
    0.8299717817028442,
    0.8238775076022442,
    0.8423860406464816,
    0.8156921119386585,
    0.8279922850642322,
    0.8232639086333389,
    0.7935543198155757,
    0.7918020535020973
  ],
  "val_loss": [
    1.2829427669028275,
    1.4914119474026335,
    1.2454742820990854,
    1.1203900642421734,
    1.289296836078334,
    1.2666177549282043,
    1.2678601591526961,
    1.1886717755587495,
    1.214652606753074,
    0.9890445056749659,
    1.2503093430975907,
    1.2174745801450158,
    1.2632423499051262,
    1.0167137785118168,
    1.1337645623196406,
    1.273938805115323,
    1.195567439584171,
    1.0805282482579976,
    1.033860767588896,
    1.1376478328090422,
    1.0568795469628662,
    1.1869557112538849,
    1.0917578231052858,
    1.1569644002353443,
    1.1702738643026485,
    1.1770222307253284,
    1.0797825856369083,
    1.0514645805211962,
    1.1845049687794276,
    1.1233320267928415,
    1.0848516022123877
  ],
  "train_acc": [
    0.41451292246520877,
    0.5202120609675281,
    0.5278330019880716,
    0.5337972166998012,
    0.5536779324055666,
    0.5781974817760106,
    0.5927766732935719,
    0.600728959575878,
    0.6239231278992711,
    0.6345261762756793,
    0.6481113320079522,
    0.6491053677932406,
    0.6560636182902585,
    0.6679920477137177,
    0.6835652750165673,
    0.6842279655400928,
    0.6842279655400928,
    0.6918489065606361,
    0.7024519549370444,
    0.7186878727634195,
    0.7074221338634857,
    0.7229953611663353,
    0.7369118621603711,
    0.747846255798542,
    0.757455268389662,
    0.742544731610338,
    0.7624254473161034,
    0.7435387673956262,
    0.7524850894632207,
    0.7664015904572564,
    0.7664015904572564
  ],
  "val_acc": [
    0.4943977591036415,
    0.3739495798319328,
    0.5154061624649859,
    0.6358543417366946,
    0.5056022408963585,
    0.5126050420168067,
    0.5056022408963585,
    0.5448179271708683,
    0.542016806722689,
    0.6736694677871149,
    0.5364145658263305,
    0.5406162464985994,
    0.5238095238095238,
    0.6526610644257703,
    0.5966386554621849,
    0.5252100840336135,
    0.5770308123249299,
    0.6456582633053222,
    0.6638655462184874,
    0.6092436974789915,
    0.6596638655462185,
    0.6008403361344538,
    0.6260504201680672,
    0.5938375350140056,
    0.6162464985994398,
    0.5840336134453782,
    0.6498599439775911,
    0.665266106442577,
    0.5994397759103641,
    0.6190476190476191,
    0.634453781512605
  ],
  "train_f1_macro": [
    0.4124168900528975,
    0.5119827944245802,
    0.527014019580255,
    0.5314514001608281,
    0.5491447449479088,
    0.5734418299791578,
    0.5879444036281752,
    0.596371392082287,
    0.6220619975081775,
    0.6340001389942881,
    0.6486065509737237,
    0.6473278183910224,
    0.6554392754688044,
    0.6676140959816051,
    0.6833092070236383,
    0.6797043782173428,
    0.6832466325723773,
    0.6894339025422411,
    0.7014069374989486,
    0.7167530804202737,
    0.7056267623165753,
    0.7206825002940388,
    0.7353557312963396,
    0.7446058683612621,
    0.7554969694494217,
    0.7409024868633701,
    0.7617540178023788,
    0.7418378615259403,
    0.7539880451260962,
    0.7646008157816871,
    0.766789704408333
  ],
  "train_f1_micro": [
    0.41451292246520877,
    0.5202120609675281,
    0.5278330019880716,
    0.5337972166998012,
    0.5536779324055666,
    0.5781974817760106,
    0.5927766732935719,
    0.600728959575878,
    0.6239231278992711,
    0.6345261762756793,
    0.6481113320079522,
    0.6491053677932406,
    0.6560636182902585,
    0.6679920477137177,
    0.6835652750165673,
    0.6842279655400928,
    0.6842279655400928,
    0.6918489065606361,
    0.7024519549370444,
    0.7186878727634195,
    0.7074221338634857,
    0.7229953611663353,
    0.7369118621603711,
    0.747846255798542,
    0.757455268389662,
    0.742544731610338,
    0.7624254473161034,
    0.7435387673956262,
    0.7524850894632207,
    0.7664015904572564,
    0.7664015904572564
  ],
  "train_f1_weighted": [
    0.41272386673995026,
    0.5138857739556906,
    0.5254155519966857,
    0.5317704851916185,
    0.5509960922484151,
    0.5746333166574631,
    0.5885768928322257,
    0.5976454831123607,
    0.6220291199080848,
    0.6331790211998441,
    0.6474569796747247,
    0.6470957612890894,
    0.6548109638522824,
    0.6666780155324843,
    0.682803593918501,
    0.6830722297849854,
    0.6830324470170311,
    0.6904031894867526,
    0.7010102828494039,
    0.7177151257572947,
    0.7060181367627577,
    0.722051607489263,
    0.7358755765778471,
    0.7464975318335924,
    0.7565997664003599,
    0.7413305387652576,
    0.7610435762012216,
    0.7424596347597806,
    0.7515668935442277,
    0.7648821156977286,
    0.7654535428244176
  ],
  "val_f1_macro": [
    0.23999369589835304,
    0.24645684020967384,
    0.28436736445421834,
    0.28429287116424873,
    0.25109552091285464,
    0.2618856129945202,
    0.2847133382848955,
    0.27896101374914967,
    0.3097150866370652,
    0.34143153106058927,
    0.30545044283440537,
    0.2885396334851442,
    0.29918871308306416,
    0.3461605834164488,
    0.3159970291786076,
    0.3071862275970744,
    0.3222185460895139,
    0.32617233231413145,
    0.3546877207012038,
    0.3375366305570244,
    0.34642041555853026,
    0.3284296080739027,
    0.3623829736101642,
    0.3155432934313884,
    0.3313483244859626,
    0.339831307099334,
    0.34926136361753296,
    0.36030529916041454,
    0.32925967573264486,
    0.33825241940076967,
    0.34770400067505863
  ],
  "val_f1_micro": [
    0.4943977591036415,
    0.3739495798319328,
    0.5154061624649859,
    0.6358543417366946,
    0.5056022408963585,
    0.5126050420168067,
    0.5056022408963585,
    0.5448179271708683,
    0.542016806722689,
    0.6736694677871149,
    0.5364145658263305,
    0.5406162464985994,
    0.5238095238095238,
    0.6526610644257703,
    0.5966386554621849,
    0.5252100840336135,
    0.5770308123249299,
    0.6456582633053222,
    0.6638655462184874,
    0.6092436974789915,
    0.6596638655462185,
    0.6008403361344538,
    0.6260504201680672,
    0.5938375350140056,
    0.6162464985994398,
    0.5840336134453782,
    0.6498599439775911,
    0.665266106442577,
    0.5994397759103641,
    0.6190476190476191,
    0.634453781512605
  ],
  "val_f1_weighted": [
    0.5904589027051788,
    0.48156828162714543,
    0.6107922887964905,
    0.6945914703602616,
    0.6022175336635917,
    0.609096325566334,
    0.6063145934281315,
    0.6376703961526692,
    0.6387385368489507,
    0.7297300446374955,
    0.6285185483738278,
    0.6314516437674614,
    0.6164910268100565,
    0.7186788214265346,
    0.6792536694159828,
    0.6221845712915829,
    0.666364080785333,
    0.7116175504304245,
    0.7249151924461333,
    0.6871336388754749,
    0.7189691366699623,
    0.6791425503115903,
    0.7014485121837292,
    0.679695017766598,
    0.6895029806244486,
    0.6698838546678231,
    0.7141309369163136,
    0.7263843599024324,
    0.6805104519975458,
    0.6934197122437683,
    0.7046436108779708
  ],