{
  "acc": 0.6868686868686869,
  "prf": {
    "macro": {
      "precision": 0.3555639762536314,
      "recall": 0.42627175368139225,
      "f1": 0.36973933033774414
    },
    "micro": {
      "precision": 0.6868686868686869,
      "recall": 0.6868686868686869,
      "f1": 0.6868686868686869
    },
    "weighted": {
      "precision": 0.8612217922562749,
      "recall": 0.6868686868686869,
      "f1": 0.7569775109287027
    }
  },
  "per_class": {
    "precision": [
      0.38461538461538464,
      0.5,
      0.034482758620689655,
      0.07142857142857142,
      0.16666666666666666,
      0.9761904761904762
    ],
    "recall": [
      0.625,
      0.625,
      0.16666666666666666,
      0.2,
      0.2,
      0.7409638554216867
    ],
    "f1": [
      0.47619047619047616,
      0.5555555555555556,
      0.05714285714285714,
      0.10526315789473684,
      0.18181818181818182,
      0.8424657534246576
    ],
    "support": [
      8,
      8,
      6,
      5,
      5,
      166
    ]
  },
  "timing": {
    "window_forward_ms_per_sample": 10.869303841900546,
    "aggregation_ms_total": 0.0006551854312419891,
    "aggregation_ms_per_clip": 3.3090173295049956e-06
  },
  "early_stop": {
    "default_k": 3,
    "k_map_size": 0,
    "missed_early": 19,
    "n_clips": 198
  }
}