{
  "val": {
    "loss": 1.0917578231052858,
    "acc": 0.6260504201680672,
    "prf": {
      "macro": {
        "precision": 0.3340959391523593,
        "recall": 0.517962962962963,
        "f1": 0.3623829736101642
      },
      "micro": {
        "precision": 0.6260504201680672,
        "recall": 0.6260504201680672,
        "f1": 0.6260504201680672
      },
      "weighted": {
        "precision": 0.8437171348771823,
        "recall": 0.6260504201680672,
        "f1": 0.7014485121837292
      }
    },
    "per_class": {
      "precision": [
        0.22,
        0.4473684210526316,
        0.07526881720430108,
        0.17142857142857143,
        0.12962962962962962,
        0.960880195599022
      ],
      "recall": [
        0.6111111111111112,
        0.5666666666666667,
        0.2916666666666667,
        0.4,
        0.5833333333333334,
        0.655
      ],
      "f1": [
        0.3235294117647059,
        0.5,
        0.11965811965811966,
        0.24,
        0.21212121212121213,
        0.7789890981169475
      ],
      "support": [
        18,
        30,
        24,
        30,
        12,
        600
      ]
    },
    "timing": {
      "warmup_batches": 5,
      "timed_batches": 7,
      "timed_total_seconds": 0.0012091740500181913,
      "ms_per_batch": 173.90886147040874,
      "ms_per_sample": 10.869303841900546,
      "note": "Full pipeline: CWT + Backbone + Aggregation + Head"
    }
  },
  "test": {
    "loss": 1.1283401050150195,
    "acc": 0.6203703703703703,
    "prf": {
      "macro": {
        "precision": 0.31919337714811125,
        "recall": 0.4398008701472557,
        "f1": 0.33756292372021274
      },
      "micro": {
        "precision": 0.6203703703703703,
        "recall": 0.6203703703703703,
        "f1": 0.6203703703703703
      },
      "weighted": {
        "precision": 0.8410720202511233,
        "recall": 0.6203703703703703,
        "f1": 0.7004105111521991
      }
    },
    "per_class": {
      "precision": [
        0.3181818181818182,
        0.359375,
        0.05263157894736842,
        0.09803921568627451,
        0.125,
        0.9619326500732065
      ],
      "recall": [
        0.5833333333333334,
        0.4791666666666667,
        0.25,
        0.3333333333333333,
        0.3333333333333333,
        0.6596385542168675
      ],
      "f1": [
        0.4117647058823529,
        0.4107142857142857,
        0.08695652173913043,
        0.15151515151515152,
        0.18181818181818182,
        0.782608695652174
      ],
      "support": [
        48,
        48,
        36,
        30,
        30,
        996
      ]
    },
    "timing": {
      "warmup_batches": 5,
      "timed_batches": 14,
      "timed_total_seconds": 0.0025020421016961336,
      "ms_per_batch": 173.90886147040874,
      "ms_per_sample": 10.869303841900546,
      "note": "Full pipeline: CWT + Backbone + Aggregation + Head"
    }
  },
  "best_ckpt": "/workspace/base/src/outputs/Benchmark/normwear_base/run_20260201_094618/normwear_base_head_best.pt"
}