{
  "epoch": [
    1,
    2,
    3,
    4,
    5,
    6,
    7,
    8,
    9,
    10,
    11,
    12,
    13,
    14,
    15,
    16,
    17,
    18,
    19,
    20,
    21,
    22,
    23,
    24,
    25,
    26,
    27,
    28,
    29
  ],
  "train_loss": [
    1.4812141686105191,
    1.225413925684075,
    1.1957818991779254,
    1.1730910384789297,
    1.1436715537621691,
    1.1005699394395447,
    1.0885984507359125,
    1.0510608016299128,
    1.0257985602553275,
    1.0204743481456562,
    1.014059607322205,
    1.0065945030601708,
    0.9673017388230685,
    0.9520523315869553,
    0.9376508101396327,
    0.9302826194355549,
    0.944712452457155,
    0.9211741724576754,
    0.9139739216519477,
    0.8772267625377698,
    0.8793707776338238,
    0.8577032706214546,
    0.8554344716808352,
    0.8326340700475644,
    0.8265835836756853,
    0.831985558003602,
    0.8218368687639179,
    0.821318537372086,
    0.8129656590950892
  ],
  "val_loss": [
    1.1337181296335215,
    1.2973981130690801,
    1.0169898869276714,
    0.9601830651446217,
    0.9347017576046684,
    1.0767654043619705,
    0.9321829083920861,
    1.0656076876723133,
    0.9684626692149485,
    0.7955249940313879,
    0.9888744385970407,
    0.9300729258387697,
    1.0041859599054694,
    0.8401705888139099,
    0.8619764270234842,
    0.9922036682190347,
    0.9925278218186536,
    0.8562711943097475,
    0.8571169770398394,
    0.8839147381421899,
    0.8550146213766574,
    0.9429303654769555,
    0.8676544511351598,
    0.8815250218081541,
    0.944548356933754,
    0.9235840987424556,
    0.8671758614000487,
    0.8395443019412813,
    0.9169551578222537
  ],
  "train_acc": [
    0.41848906560636184,
    0.546388336646786,
    0.5437375745526839,
    0.563949635520212,
    0.5791915175612988,
    0.6043737574552683,
    0.6013916500994035,
    0.6338634857521538,
    0.6418157720344599,
    0.6467859509609013,
    0.6361829025844931,
    0.6600397614314115,
    0.6795891318754141,
    0.6795891318754141,
    0.7017892644135189,
    0.6901921802518224,
    0.6895294897282969,
    0.697481776010603,
    0.7014579191517561,
    0.7229953611663353,
    0.7246520874751491,
    0.7326043737574552,
    0.7282968853545394,
    0.7455268389662028,
    0.7488402915838304,
    0.7485089463220675,
    0.7564612326043738,
    0.7498343273691186,
    0.7611000662690524
  ],
  "val_acc": [
    0.6456582633053222,
    0.4887955182072829,
    0.6792717086834734,
    0.7254901960784313,
    0.7464985994397759,
    0.6526610644257703,
    0.7464985994397759,
    0.6400560224089635,
    0.6946778711484594,
    0.8277310924369747,
    0.7016806722689075,
    0.7436974789915967,
    0.6764705882352942,
    0.7955182072829131,
    0.7815126050420168,
    0.6820728291316527,
    0.6848739495798319,
    0.7801120448179272,
    0.773109243697479,
    0.773109243697479,
    0.7843137254901961,
    0.7324929971988795,
    0.7745098039215687,
    0.7675070028011205,
    0.7366946778711485,
    0.7408963585434174,
    0.7913165266106442,
    0.7969187675070029,
    0.7507002801120448
  ],
  "train_f1_macro": [
    0.41828770804885335,
    0.5393257597228055,
    0.5455465597771213,
    0.5614338699113831,
    0.5752560664268574,
    0.5984789865004921,
    0.5967362770574466,
    0.6306035910524207,
    0.6394604064763698,
    0.6458127588803252,
    0.6353690066898509,
    0.6573690331845431,
    0.6776617418839782,
    0.6786217339726918,
    0.6996077443906614,
    0.6866446773517915,
    0.6887498154368003,
    0.6948449836426208,
    0.701188483995737,
    0.7201232837654202,
    0.7233995338999532,
    0.7306780754683387,
    0.7267504962692589,
    0.7417864164244556,
    0.7469962293711904,
    0.746905338693856,
    0.755052007531391,
    0.7481416675465002,
    0.7626004377263426
  ],
  "train_f1_micro": [
    0.41848906560636184,
    0.546388336646786,
    0.5437375745526839,
    0.563949635520212,
    0.5791915175612988,
    0.6043737574552683,
    0.6013916500994035,
    0.6338634857521538,
    0.6418157720344599,
    0.6467859509609013,
    0.6361829025844931,
    0.6600397614314115,
    0.6795891318754141,
    0.6795891318754141,
    0.7017892644135189,
    0.6901921802518224,
    0.6895294897282969,
    0.697481776010603,
    0.7014579191517561,
    0.7229953611663353,
    0.7246520874751491,
    0.7326043737574552,
    0.7282968853545394,
    0.7455268389662028,
    0.7488402915838304,
    0.7485089463220675,
    0.7564612326043738,
    0.7498343273691186,
    0.7611000662690524
  ],
  "train_f1_weighted": [
    0.41782948157944644,
    0.5418338664123151,
    0.5417802417502734,
    0.5621458544882445,
    0.5759910148877827,
    0.6010464507221196,
    0.5976689028934798,
    0.6314193729869055,
    0.6395963185614894,
    0.6464952857044366,
    0.6336206222087868,
    0.6569862145210391,
    0.6773045079920605,
    0.6777467758849575,
    0.700135721211232,
    0.6888339900733264,
    0.6885481112742469,
    0.695231335403106,
    0.700869229924507,
    0.7211651636175584,
    0.7236383285720404,
    0.7317075345195965,
    0.7274522751209641,
    0.7436080846442763,
    0.7478056322577055,
    0.7478648437357261,
    0.7554969611810927,
    0.7493426064169514,
    0.760779031087763
  ],
  "val_f1_macro": [
    0.27156523805280824,
    0.26502726349924993,
    0.30970910139184005,
    0.2959721676701548,
    0.3364851779501928,
    0.32082423168160373,
    0.3597054109662343,
    0.32905186323662744,
    0.334498504368941,
    0.3325221270773558,
    0.3462999076532278,
    0.35408928311974747,
    0.32698662898758724,
    0.38501892161312457,
    0.3639340606522304,
    0.3276664878172039,
    0.33981098191984715,
    0.3728948834526979,
    0.36748689677265683,
    0.3992487591329971,
    0.4048564192740251,
    0.3718185364829349,
    0.36434959846013387,
    0.3484649177857487,
    0.35813620347685626,
    0.38158601090191957,
    0.4009498220716062,
    0.38966255771359815,
    0.3726675774712866
  ],
  "val_f1_micro": [
    0.6456582633053222,
    0.4887955182072829,
    0.6792717086834734,
    0.7254901960784313,
    0.7464985994397759,
    0.6526610644257703,
    0.7464985994397759,
    0.6400560224089635,
    0.6946778711484594,
    0.8277310924369747,
    0.7016806722689075,
    0.7436974789915967,
    0.6764705882352942,
    0.7955182072829131,
    0.7815126050420168,
    0.6820728291316527,
    0.6848739495798319,
    0.7801120448179272,
    0.773109243697479,
    0.773109243697479,
    0.7843137254901961,
    0.7324929971988795,
    0.7745098039215687,
    0.7675070028011205,
    0.7366946778711485,
    0.7408963585434174,
    0.7913165266106442,
    0.7969187675070029,
    0.7507002801120448
  ],
  "val_f1_weighted": [
    0.7011885855652071,
    0.5881417875582604,
    0.7261553474433227,
    0.7491806008137949,
    0.7637787948392347,
    0.7111305932282699,
    0.7729230081123231,
    0.7072170028849122,
    0.7405552461395138,
    0.8032693227376226,
    0.7474821787043667,
    0.769307673815663,
    0.7298057633010643,
    0.7986097690153224,
    0.7924033422623963,
    0.7358123030869669,
    0.7378185809337134,
    0.7907602697361261,
    0.7876548318142155,
    0.7925830502979995,
    0.7994881233275833,
    0.7677803291960863,
    0.7889822155899571,
    0.7852150919846475,
    0.7693400216378308,
    0.7749228189119491,
    0.802058170411499,
    0.8029129483870204,
    0.7805670928307038
  ],