{
  "acc": 0.8383838383838383,
  "prf": {
    "macro": {
      "precision": 0.5070707070707071,
      "recall": 0.4942771084337349,
      "f1": 0.4945185524768924
    },
    "micro": {
      "precision": 0.8383838383838383,
      "recall": 0.8383838383838383,
      "f1": 0.8383838383838383
    },
    "weighted": {
      "precision": 0.8454086317722682,
      "recall": 0.8383838383838383,
      "f1": 0.8405274271312616
    }
  },
  "per_class": {
    "precision": [
      0.8333333333333334,
      0.45454545454545453,
      0.0,
      0.5,
      0.3333333333333333,
      0.9212121212121213
    ],
    "recall": [
      0.625,
      0.625,
      0.0,
      0.4,
      0.4,
      0.9156626506024096
    ],
    "f1": [
      0.7142857142857143,
      0.5263157894736842,
      0.0,
      0.4444444444444444,
      0.36363636363636365,
      0.918429003021148
    ],
    "support": [
      8,
      8,
      6,
      5,
      5,
      166
    ]
  },
  "timing": {
    "window_forward_ms_per_sample": 12.502571218647063,
    "aggregation_ms_total": 0.0007278285920619965,
    "aggregation_ms_per_clip": 3.6759019801110933e-06
  },
  "early_stop": {
    "default_k": 3,
    "k_map_size": 0,
    "missed_early": 16,
    "n_clips": 198
  }
}