{
  "val": {
    "loss": 0.8550146213766574,
    "acc": 0.7843137254901961,
    "prf": {
      "macro": {
        "precision": 0.3876542143166184,
        "recall": 0.4750925925925926,
        "f1": 0.4048564192740251
      },
      "micro": {
        "precision": 0.7843137254901961,
        "recall": 0.7843137254901961,
        "f1": 0.7843137254901961
      },
      "weighted": {
        "precision": 0.8231328687323873,
        "recall": 0.7843137254901961,
        "f1": 0.7994881233275833
      }
    },
    "per_class": {
      "precision": [
        0.2702702702702703,
        0.4444444444444444,
        0.23529411764705882,
        0.30434782608695654,
        0.15,
        0.9215686274509803
      ],
      "recall": [
        0.5555555555555556,
        0.5333333333333333,
        0.16666666666666666,
        0.23333333333333334,
        0.5,
        0.8616666666666667
      ],
      "f1": [
        0.36363636363636365,
        0.48484848484848486,
        0.1951219512195122,
        0.2641509433962264,
        0.23076923076923078,
        0.8906115417743324
      ],
      "support": [
        18,
        30,
        24,
        30,
        12,
        600
      ]
    },
    "timing": {
      "warmup_batches": 5,
      "timed_batches": 7,
      "timed_total_seconds": 0.0013257581740617752,
      "ms_per_batch": 200.041139498353,
      "ms_per_sample": 12.502571218647063,
      "note": "Full pipeline: CWT + Backbone + Aggregation + Head"
    }
  },
  "test": {
    "loss": 0.8797793059236674,
    "acc": 0.76010101010101,
    "prf": {
      "macro": {
        "precision": 0.34717582033892613,
        "recall": 0.4146614234716644,
        "f1": 0.3723106977609494
      },
      "micro": {
        "precision": 0.76010101010101,
        "recall": 0.76010101010101,
        "f1": 0.76010101010101
      },
      "weighted": {
        "precision": 0.8118064407640734,
        "recall": 0.76010101010101,
        "f1": 0.7829172437347997
      }
    },
    "per_class": {
      "precision": [
        0.3333333333333333,
        0.3939393939393939,
        0.07017543859649122,
        0.19047619047619047,
        0.17543859649122806,
        0.9196919691969196
      ],
      "recall": [
        0.3958333333333333,
        0.5416666666666666,
        0.1111111111111111,
        0.26666666666666666,
        0.3333333333333333,
        0.8393574297188755
      ],
      "f1": [
        0.3619047619047619,
        0.45614035087719296,
        0.08602150537634409,
        0.2222222222222222,
        0.22988505747126436,
        0.8776902887139107
      ],
      "support": [
        48,
        48,
        36,
        30,
        30,
        996
      ]
    },
    "timing": {
      "warmup_batches": 5,
      "timed_batches": 14,
      "timed_total_seconds": 0.0025909109972417355,
      "ms_per_batch": 200.041139498353,
      "ms_per_sample": 12.502571218647063,
      "note": "Full pipeline: CWT + Backbone + Aggregation + Head"
    }
  },
  "best_ckpt": "/workspace/base/src/outputs/tri_models_unified/normwear_base/run_20260201_183329/normwear_base_head_best.pt"
}