{
  "epoch": [
    1,
    2,
    3,
    4,
    5,
    6,
    7,
    8,
    9,
    10,
    11,
    12,
    13,
    14,
    15,
    16,
    17,
    18
  ],
  "train_loss": [
    1.6520465170807834,
    1.3620036969206994,
    1.2918922383315994,
    1.2514719463800894,
    1.1826234831566682,
    1.0985367021630188,
    1.0180374240148455,
    0.9897369614810324,
    0.9249892728940156,
    0.9206325277103502,
    0.837313126696112,
    0.8296641938887028,
    0.790366426021394,
    0.7783382448477015,
    0.729692535024356,
    0.7478148005038717,
    0.6814898935827378,
    0.6967003591175976
  ],
  "val_loss": [
    1.9203667847716175,
    2.441693600486307,
    2.366038754540665,
    2.41069832435843,
    2.34096070230842,
    2.3795950586388424,
    2.157857606390945,
    1.971189616441059,
    2.0105945863643613,
    1.7473776834685595,
    1.9632994681179357,
    1.8304747266261852,
    1.928880980034836,
    1.7752281717893457,
    1.7762113933135815,
    1.8298378037471397,
    1.8845579964773995,
    1.929229749017069
  ],
  "train_acc": [
    0.24486414844267726,
    0.3770709078860172,
    0.40622929092113985,
    0.42776673293571904,
    0.4552683896620278,
    0.4900596421471173,
    0.525844930417495,
    0.5719019218025182,
    0.6312127236580517,
    0.645791915175613,
    0.6739562624254473,
    0.6597084161696488,
    0.7014579191517561,
    0.7004638833664678,
    0.7206759443339961,
    0.7259774685222001,
    0.7687210072895958,
    0.7673956262425448
  ],
  "val_acc": [
    0.06582633053221289,
    0.06022408963585434,
    0.0700280112044818,
    0.0700280112044818,
    0.05742296918767507,
    0.06162464985994398,
    0.08543417366946779,
    0.37675070028011204,
    0.4061624649859944,
    0.542016806722689,
    0.39915966386554624,
    0.4943977591036415,
    0.44537815126050423,
    0.5476190476190477,
    0.4733893557422969,
    0.5056022408963585,
    0.5210084033613446,
    0.4677871148459384
  ],
  "train_f1_macro": [
    0.16385181009560662,
    0.3096743711530124,
    0.34798201183152594,
    0.36081754097603375,
    0.408246127061058,
    0.4123528801074388,
    0.4411633763251474,
    0.5579686857548543,
    0.6305767305425051,
    0.6166374469644116,
    0.6619615281526786,
    0.6640759257924799,
    0.6887428066327189,
    0.7071049723537403,
    0.7166686450968843,
    0.7172678292581368,
    0.7617232061920606,
    0.7698820516206544
  ],
  "train_f1_micro": [
    0.24486414844267726,
    0.3770709078860172,
    0.40622929092113985,
    0.42776673293571904,
    0.4552683896620278,
    0.4900596421471173,
    0.525844930417495,
    0.5719019218025182,
    0.6312127236580517,
    0.645791915175613,
    0.6739562624254473,
    0.6597084161696488,
    0.7014579191517561,
    0.7004638833664678,
    0.7206759443339961,
    0.7259774685222001,
    0.7687210072895958,
    0.7673956262425448
  ],
  "train_f1_weighted": [
    0.16290894530874714,
    0.31936106839926387,
    0.3458704104854127,
    0.35640174502256877,
    0.4058117873861855,
    0.42089430456408394,
    0.4403498395674214,
    0.5556563671441537,
    0.6287578779218997,
    0.622647175037196,
    0.6628642291292474,
    0.6571640057429983,
    0.6932445413191075,
    0.7018655653899383,
    0.7219335253528402,
    0.7144249970575305,
    0.7669020880138548,
    0.7669078739593477
  ],
  "val_f1_macro": [
    0.09418338912272112,
    0.07950634823985747,
    0.08254739413517347,
    0.09363484136892376,
    0.09285652082793044,
    0.10098633938599728,
    0.10927338311060125,
    0.2192189305631563,
    0.23560816965723466,
    0.3014731653267122,
    0.22809499901700303,
    0.26845423621183767,
    0.25239145983304795,
    0.29557133450092116,
    0.2665532020157458,
    0.2788516701511767,
    0.2952303950382784,
    0.26058446451231604
  ],
  "val_f1_micro": [
    0.06582633053221289,
    0.06022408963585434,
    0.0700280112044818,
    0.0700280112044818,
    0.05742296918767507,
    0.06162464985994398,
    0.08543417366946779,
    0.37675070028011204,
    0.4061624649859944,
    0.542016806722689,
    0.39915966386554624,
    0.4943977591036415,
    0.44537815126050423,
    0.5476190476190477,
    0.4733893557422969,
    0.5056022408963585,
    0.5210084033613446,
    0.4677871148459384
  ],
  "val_f1_weighted": [
    0.01966115501918644,
    0.016444288289701917,
    0.016137680162084347,
    0.018099939101733076,
    0.019043824414768016,
    0.020302437215344506,
    0.03345944430243126,
    0.4806306543652589,
    0.5091550367891159,
    0.6257656215808668,
    0.4949780071760778,
    0.5853322529936937,
    0.5518967103545982,
    0.6393092709749921,
    0.5833860066547594,
    0.609503669741766,
    0.6208943602770978,
    0.5742285203974743
  ],
  "train_precision_macro": [
    0.17866165004043508,
    0.29610117804789776,
    0.31921905501840225,
    0.3356142535217277,
    0.37719707839426836,
    0.41104302888897043,
    0.5945978515988419,
    0.6220687405770713,
    0.6579651713685022,
    0.6531685906735912,
    0.6869537232855375,
    0.6868558038757181,
    0.7098565004726721,
    0.7238935666739444,
    0.7296643805795752,
    0.7349860866931287,
    0.7723922897397283,
    0.7807193686816788
  ],
  "train_recall_macro": [
    0.24764156538838403,
    0.36549201540507337,
    0.4082481408341782,
    0.43132826860067697,
    0.4584907534734199,
    0.47522679171448917,
    0.5255668264440635,
    0.575507807082626,
    0.633244097497827,
    0.6370024358726983,
    0.675159849915361,
    0.6661685780262288,
    0.6934241961545098,
    0.7067504226536356,
    0.7164281698758787,
    0.7257819261672207,
    0.7643757229380995,
    0.7708599278252453
  ],
  "val_precision_macro": [
    0.22448773961025403,
    0.04786590890371469,
    0.04901297190511065,
    0.05748260097549682,
    0.061322103202276636,
    0.06922763598533212,
    0.1997883710953189,
    0.24902426217496745,
    0.25593766566734866,
    0.29935677352113815,
    0.25372804982165537,
    0.27643017569810596,
    0.2766450287939047,
    0.2886488423035816,
    0.2939292080071658,
    0.29290128640863294,
    0.3056804322398781,
    0.2834551080317427
  ],
  "val_recall_macro": [
    0.3502777777777777,
    0.30462962962962964,
    0.36481481481481487,
    0.36481481481481487,
    0.26481481481481484,
    0.32407407407407407,
    0.4131481481481482,
    0.40814814814814815,
    0.4134259259259259,
    0.4885185185185186,
    0.41898148148148145,
    0.4526851851851852,
    0.4107407407407407,
    0.4318518518518519,
    0.3872222222222222,
    0.38759259259259254,
    0.42842592592592593,
    0.3925925925925926
  ],
  "lr": [
    0.000954992586021436,
    0.0009120108393559099,
    0.0008709635899560808,
    0.0008317637711026712,
    0.0007943282347242817,
    0.0007585775750291841,
    0.0007244359600749904,
    0.0006918309709189368,
    0.0006606934480075963,
    0.0006309573444801935,
    0.000602559586074358,
    0.0005754399373371572,
    0.0005495408738576248,
    0.0005248074602497728,
    0.0005011872336272725,
    0.0004786300923226386,
    0.0004570881896148753,
    0.00043651583224016627
  ]
}