{
  "val": {
    "loss": 1.7473776834685595,
    "acc": 0.542016806722689,
    "prf": {
      "macro": {
        "precision": 0.29935677352113815,
        "recall": 0.4885185185185186,
        "f1": 0.3014731653267122
      },
      "micro": {
        "precision": 0.542016806722689,
        "recall": 0.542016806722689,
        "f1": 0.542016806722689
      },
      "weighted": {
        "precision": 0.8275135277230316,
        "recall": 0.542016806722689,
        "f1": 0.6257656215808668
      }
    },
    "per_class": {
      "precision": [
        0.21153846153846154,
        0.4375,
        0.0,
        0.13259668508287292,
        0.06593406593406594,
        0.9485714285714286
      ],
      "recall": [
        0.6111111111111112,
        0.4666666666666667,
        0.0,
        0.8,
        0.5,
        0.5533333333333333
      ],
      "f1": [
        0.3142857142857143,
        0.45161290322580644,
        0.0,
        0.22748815165876776,
        0.11650485436893204,
        0.6989473684210527
      ],
      "support": [
        18,
        30,
        24,
        30,
        12,
        600
      ]
    },
    "timing": {
      "warmup_batches": 5,
      "timed_batches": 40,
      "timed_total_seconds": 0.21638130443170667,
      "ms_per_batch": 5.409532610792667,
      "ms_per_sample": 0.3030550482236788
    }
  },
  "test": {
    "loss": 1.8288975444305626,
    "acc": 0.5042087542087542,
    "prf": {
      "macro": {
        "precision": 0.3043421121339313,
        "recall": 0.4685073627844712,
        "f1": 0.30043217812426454
      },
      "micro": {
        "precision": 0.5042087542087542,
        "recall": 0.5042087542087542,
        "f1": 0.5042087542087542
      },
      "weighted": {
        "precision": 0.8408058580849216,
        "recall": 0.5042087542087542,
        "f1": 0.6019606838228826
      }
    },
    "per_class": {
      "precision": [
        0.3333333333333333,
        0.38095238095238093,
        0.0,
        0.05970149253731343,
        0.0880503144654088,
        0.9640151515151515
      ],
      "recall": [
        0.6666666666666666,
        0.5,
        0.0,
        0.6666666666666666,
        0.4666666666666667,
        0.5110441767068273
      ],
      "f1": [
        0.4444444444444444,
        0.43243243243243246,
        0.0,
        0.1095890410958904,
        0.14814814814814814,
        0.6679790026246719
      ],
      "support": [
        48,
        48,
        36,
        30,
        30,
        996
      ]
    },
    "timing": {
      "warmup_batches": 5,
      "timed_batches": 70,
      "timed_total_seconds": 0.38407674594782293,
      "ms_per_batch": 5.48681065639747,
      "ms_per_sample": 0.3232969241985042
    }
  },
  "best_ckpt": "/workspace/base/src/outputs/Benchmark/apple/run_20260201-115233/filterbank_imu_cnn_best.pt"
}