{
  "acc": 0.5909090909090909,
  "prf": {
    "macro": {
      "precision": 0.4213200059898173,
      "recall": 0.5295682730923695,
      "f1": 0.40770063216543456
    },
    "micro": {
      "precision": 0.5909090909090909,
      "recall": 0.5909090909090909,
      "f1": 0.5909090909090909
    },
    "weighted": {
      "precision": 0.8518648978554638,
      "recall": 0.5909090909090909,
      "f1": 0.6804596917422375
    }
  },
  "per_class": {
    "precision": [
      0.6666666666666666,
      0.7142857142857143,
      0.0,
      0.05357142857142857,
      0.15,
      0.9433962264150944
    ],
    "recall": [
      0.75,
      0.625,
      0.0,
      0.6,
      0.6,
      0.6024096385542169
    ],
    "f1": [
      0.7058823529411765,
      0.6666666666666666,
      0.0,
      0.09836065573770492,
      0.24,
      0.7352941176470589
    ],
    "support": [
      8,
      8,
      6,
      5,
      5,
      166
    ]
  },
  "timing": {
    "window_forward_ms_per_sample": 0.3232969241985042,
    "aggregation_ms_total": 0.0006118789315223694,
    "aggregation_ms_per_clip": 3.0902976339513604e-06
  },
  "early_stop": {
    "default_k": 3,
    "k_map_size": 0,
    "missed_early": 39,
    "n_clips": 198
  }
}