condition,dropped,features_kept,window_acc,window_F1_macro,window_F1_weighted,clip_acc,clip_F1_macro,clip_F1_weighted
no_shape,shape,98,0.9082491582491582,0.7679443832067091,0.9176444451181235,0.9545454545454546,0.9028624740699044,0.9585650734445181
no_stats,ALL,1,0.8813131313131313,0.7269562666306172,0.8957697538092052,0.9242424242424242,0.836153441630115,0.9321203129673226
no_time,time,86,0.8762626262626263,0.7156209169726507,0.892015873578258,0.9444444444444444,0.8703762339598254,0.947828189642619
no_frequency,frequency,92,0.8745791245791246,0.7143674261603973,0.891643120006682,0.9040404040404041,0.8073512489000203,0.9184028739298489
no_cross_channel,cross_channel,39,0.8400673400673401,0.6801450677647178,0.8646280285255536,0.9090909090909091,0.8432150377191886,0.9238232170189735
