{
  "no_time": {
    "dropped": [
      "time"
    ],
    "stats_features_kept": 86,
    "n_params": 223285,
    "window_test_loss": 0.5805254625618373,
    "window_test_acc": 0.8762626262626263,
    "window_test_f1_macro": 0.7156209169726507,
    "window_test_f1_micro": 0.8762626262626263,
    "window_test_f1_weighted": 0.892015873578258,
    "window_test_precision": 0.638773894309246,
    "window_test_recall": 0.8732708612226684,
    "window_val_loss": 0.22300040686544412,
    "window_val_acc": 0.9411764705882353,
    "window_val_f1_macro": 0.8338685391015476,
    "clip_test_acc": 0.9444444444444444,
    "clip_test_f1_macro": 0.8703762339598254,
    "clip_test_f1_weighted": 0.947828189642619,
    "per_class_f1_window": [
      0.84,
      0.7102803738317757,
      0.6326530612244898,
      0.5132743362831859,
      0.6666666666666666,
      0.9308510638297872
    ],
    "per_class_f1_clip": [
      0.875,
      0.8888888888888888,
      0.75,
      0.8333333333333334,
      0.9090909090909091,
      0.9659442724458205
    ],
    "best_ckpt": "/workspace/outputs/ablation_study/ablation_20260221-034245/no_time/best-epoch=41-val/f1=0.8339.ckpt"
  },
  "no_frequency": {
    "dropped": [
      "frequency"
    ],
    "stats_features_kept": 92,
    "n_params": 223285,
    "window_test_loss": 0.6613777443389542,
    "window_test_acc": 0.8745791245791246,
    "window_test_f1_macro": 0.7143674261603973,
    "window_test_f1_micro": 0.8745791245791246,
    "window_test_f1_weighted": 0.891643120006682,
    "window_test_precision": 0.6418647571420324,
    "window_test_recall": 0.8684738955823293,
    "window_val_loss": 0.30828212739999866,
    "window_val_acc": 0.9299719887955182,
    "window_val_f1_macro": 0.8155796727000917,
    "clip_test_acc": 0.9040404040404041,
    "clip_test_f1_macro": 0.8073512489000203,
    "clip_test_f1_weighted": 0.9184028739298489,
    "per_class_f1_window": [
      0.9052631578947369,
      0.6851851851851852,
      0.4878048780487805,
      0.6521739130434783,
      0.625,
      0.9307774227902024
    ],
    "per_class_f1_clip": [
      0.9411764705882353,
      0.8235294117647058,
      0.5,
      0.9090909090909091,
      0.7272727272727273,
      0.9430379746835443
    ],
    "best_ckpt": "/workspace/outputs/ablation_study/ablation_20260221-034245/no_frequency/best-epoch=32-val/f1=0.8131.ckpt"
  },
  "no_shape": {
    "dropped": [
      "shape"
    ],
    "stats_features_kept": 98,
    "n_params": 223285,
    "window_test_loss": 0.5409059009074559,
    "window_test_acc": 0.9082491582491582,
    "window_test_f1_macro": 0.7679443832067091,
    "window_test_f1_micro": 0.9082491582491582,
    "window_test_f1_weighted": 0.9176444451181235,
    "window_test_precision": 0.7045950513531949,
    "window_test_recall": 0.8811468094600624,
    "window_val_loss": 0.2354073746300056,
    "window_val_acc": 0.9439775910364145,
    "window_val_f1_macro": 0.8366364838169349,
    "clip_test_acc": 0.9545454545454546,
    "clip_test_f1_macro": 0.9028624740699044,
    "clip_test_f1_weighted": 0.9585650734445181,
    "per_class_f1_window": [
      0.9052631578947369,
      0.7961165048543689,
      0.6095238095238096,
      0.6511627906976745,
      0.6956521739130435,
      0.9499478623566214
    ],
    "per_class_f1_clip": [
      0.9411764705882353,
      0.8888888888888888,
      0.7058823529411765,
      1.0,
      0.9090909090909091,
      0.9721362229102167
    ],
    "best_ckpt": "/workspace/outputs/ablation_study/ablation_20260221-034245/no_shape/best-epoch=37-val/f1=0.8366.ckpt"
  },
  "no_cross_channel": {
    "dropped": [
      "cross_channel"
    ],
    "stats_features_kept": 39,
    "n_params": 223285,
    "window_test_loss": 0.6763496150870257,
    "window_test_acc": 0.8400673400673401,
    "window_test_f1_macro": 0.6801450677647178,
    "window_test_f1_micro": 0.8400673400673401,
    "window_test_f1_weighted": 0.8646280285255536,
    "window_test_precision": 0.5976090123644472,
    "window_test_recall": 0.8859047300312359,
    "window_val_loss": 0.302139732044605,
    "window_val_acc": 0.907563025210084,
    "window_val_f1_macro": 0.7823371290041604,
    "clip_test_acc": 0.9090909090909091,
    "clip_test_f1_macro": 0.8432150377191886,
    "clip_test_f1_weighted": 0.9238232170189735,
    "per_class_f1_window": [
      0.8571428571428571,
      0.7457627118644068,
      0.484375,
      0.5084745762711864,
      0.5813953488372093,
      0.9037199124726477
    ],
    "per_class_f1_clip": [
      0.9411764705882353,
      0.8421052631578947,
      0.5,
      0.8333333333333334,
      1.0,
      0.9426751592356688
    ],
    "best_ckpt": "/workspace/outputs/ablation_study/ablation_20260221-034245/no_cross_channel/best-epoch=25-val/f1=0.7823.ckpt"
  },
  "no_stats": {
    "dropped": [
      "ALL"
    ],
    "stats_features_kept": 1,
    "n_params": 223285,
    "window_test_loss": 0.6211028800505122,
    "window_test_acc": 0.8813131313131313,
    "window_test_f1_macro": 0.7269562666306172,
    "window_test_f1_micro": 0.8813131313131313,
    "window_test_f1_weighted": 0.8957697538092052,
    "window_test_precision": 0.6487208306404735,
    "window_test_recall": 0.880022869254797,
    "window_val_loss": 0.2259933195467684,
    "window_val_acc": 0.938375350140056,
    "window_val_f1_macro": 0.8398169952025013,
    "clip_test_acc": 0.9242424242424242,
    "clip_test_f1_macro": 0.836153441630115,
    "clip_test_f1_weighted": 0.9321203129673226,
    "per_class_f1_window": [
      0.9072164948453608,
      0.7321428571428571,
      0.5740740740740741,
      0.5833333333333334,
      0.6329113924050633,
      0.9320594479830149
    ],
    "per_class_f1_clip": [
      0.9411764705882353,
      0.8888888888888888,
      0.5555555555555556,
      0.7692307692307693,
      0.9090909090909091,
      0.9529780564263323
    ],
    "best_ckpt": "/workspace/outputs/ablation_study/ablation_20260221-034245/no_stats/best-epoch=54-val/f1=0.8398.ckpt"
  }
}