{
  "acc": 0.9494949494949495,
  "prf": {
    "macro": {
      "precision": 0.8210678210678211,
      "recall": 0.9701305220883535,
      "f1": 0.8793429652562779
    },
    "micro": {
      "precision": 0.9494949494949495,
      "recall": 0.9494949494949495,
      "f1": 0.9494949494949495
    },
    "weighted": {
      "precision": 0.9655428746337837,
      "recall": 0.9494949494949495,
      "f1": 0.9540112163951174
    }
  },
  "per_class": {
    "precision": [
      0.8888888888888888,
      0.7777777777777778,
      0.5454545454545454,
      1.0,
      0.7142857142857143,
      1.0
    ],
    "recall": [
      1.0,
      0.875,
      1.0,
      1.0,
      1.0,
      0.9457831325301205
    ],
    "f1": [
      0.9411764705882353,
      0.8235294117647058,
      0.7058823529411765,
      1.0,
      0.8333333333333334,
      0.9721362229102167
    ],
    "support": [
      8,
      8,
      6,
      5,
      5,
      166
    ]
  },
  "early_stop": {
    "default_k": 3,
    "k_map_size": 0,
    "missed_early": 9,
    "n_clips": 198
  }
}