{
  "val": {
    "loss": 0.24133703448338764,
    "acc": 0.9341736694677871,
    "prf": {
      "macro": {
        "precision": 0.7533219266114003,
        "recall": 0.9501851851851851,
        "f1": 0.8263999904927904
      },
      "micro": {
        "precision": 0.9341736694677871,
        "recall": 0.9341736694677871,
        "f1": 0.9341736694677871
      },
      "weighted": {
        "precision": 0.9554644651382821,
        "recall": 0.9341736694677871,
        "f1": 0.9402249258996195
      }
    },
    "per_class": {
      "precision": [
        0.85,
        0.8125,
        0.5897435897435898,
        0.7894736842105263,
        0.48,
        0.9982142857142857
      ],
      "recall": [
        0.9444444444444444,
        0.8666666666666667,
        0.9583333333333334,
        1.0,
        1.0,
        0.9316666666666666
      ],
      "f1": [
        0.8947368421052632,
        0.8387096774193549,
        0.7301587301587301,
        0.8823529411764706,
        0.6486486486486487,
        0.9637931034482758
      ],
      "support": [
        18,
        30,
        24,
        30,
        12,
        600
      ]
    }
  },
  "test": {
    "loss": 0.6189762822768623,
    "acc": 0.8939393939393939,
    "prf": {
      "macro": {
        "precision": 0.6606017571975041,
        "recall": 0.8876255020080323,
        "f1": 0.7423802850292468
      },
      "micro": {
        "precision": 0.8939393939393939,
        "recall": 0.8939393939393939,
        "f1": 0.8939393939393939
      },
      "weighted": {
        "precision": 0.93239005295965,
        "recall": 0.8939393939393939,
        "f1": 0.905837619375967
      }
    },
    "per_class": {
      "precision": [
        0.8490566037735849,
        0.6333333333333333,
        0.4225352112676056,
        0.5555555555555556,
        0.5098039215686274,
        0.9933259176863182
      ],
      "recall": [
        0.9375,
        0.7916666666666666,
        0.8333333333333334,
        1.0,
        0.8666666666666667,
        0.8965863453815262
      ],
      "f1": [
        0.8910891089108911,
        0.7037037037037037,
        0.5607476635514018,
        0.7142857142857143,
        0.6419753086419753,
        0.9424802110817943
      ],
      "support": [
        48,
        48,
        36,
        30,
        30,
        996
      ]
    }
  },
  "best_ckpt": "/workspace/base/src/outputs/Benchmark/transformer/run_20260202-085058/gesture-classifier-best-epoch=48.ckpt"
}