{
  "acc": 0.8080808080808081,
  "prf": {
    "macro": {
      "precision": 0.4790699891506343,
      "recall": 0.5150267737617136,
      "f1": 0.48292980634348065
    },
    "micro": {
      "precision": 0.8080808080808081,
      "recall": 0.8080808080808081,
      "f1": 0.8080808080808081
    },
    "weighted": {
      "precision": 0.8539382985863925,
      "recall": 0.8080808080808081,
      "f1": 0.8278781350698877
    }
  },
  "per_class": {
    "precision": [
      0.7142857142857143,
      0.625,
      0.07692307692307693,
      0.2727272727272727,
      0.25,
      0.9354838709677419
    ],
    "recall": [
      0.625,
      0.625,
      0.16666666666666666,
      0.6,
      0.2,
      0.8734939759036144
    ],
    "f1": [
      0.6666666666666666,
      0.625,
      0.10526315789473684,
      0.375,
      0.2222222222222222,
      0.9034267912772586
    ],
    "support": [
      8,
      8,
      6,
      5,
      5,
      166
    ]
  },
  "early_stop": {
    "default_k": 3,
    "k_map_size": 0,
    "missed_early": 20,
    "n_clips": 198
  }
}