{
  "val": {
    "loss": 1.0690930065612834,
    "acc": 0.7759103641456583,
    "prf": {
      "macro": {
        "precision": 0.45977533953097827,
        "recall": 0.5606481481481481,
        "f1": 0.4826227933793314
      },
      "micro": {
        "precision": 0.7759103641456583,
        "recall": 0.7759103641456583,
        "f1": 0.7759103641456583
      },
      "weighted": {
        "precision": 0.8528879889774668,
        "recall": 0.7759103641456583,
        "f1": 0.8061490318932029
      }
    },
    "per_class": {
      "precision": [
        0.47619047619047616,
        0.7083333333333334,
        0.1276595744680851,
        0.29850746268656714,
        0.20689655172413793,
        0.94106463878327
      ],
      "recall": [
        0.5555555555555556,
        0.5666666666666667,
        0.25,
        0.6666666666666666,
        0.5,
        0.825
      ],
      "f1": [
        0.5128205128205128,
        0.6296296296296297,
        0.16901408450704225,
        0.41237113402061853,
        0.2926829268292683,
        0.8792184724689165
      ],
      "support": [
        18,
        30,
        24,
        30,
        12,
        600
      ]
    }
  },
  "test": {
    "loss": 1.4357212665067478,
    "acc": 0.75,
    "prf": {
      "macro": {
        "precision": 0.3968822108309791,
        "recall": 0.43989011601963407,
        "f1": 0.39773028989981335
      },
      "micro": {
        "precision": 0.75,
        "recall": 0.75,
        "f1": 0.75
      },
      "weighted": {
        "precision": 0.8324194120469444,
        "recall": 0.75,
        "f1": 0.785254140589819
      }
    },
    "per_class": {
      "precision": [
        0.5952380952380952,
        0.46808510638297873,
        0.06578947368421052,
        0.13513513513513514,
        0.1875,
        0.9295454545454546
      ],
      "recall": [
        0.5208333333333334,
        0.4583333333333333,
        0.1388888888888889,
        0.5,
        0.2,
        0.821285140562249
      ],
      "f1": [
        0.5555555555555556,
        0.4631578947368421,
        0.08928571428571429,
        0.2127659574468085,
        0.1935483870967742,
        0.8720682302771855
      ],
      "support": [
        48,
        48,
        36,
        30,
        30,
        996
      ]
    }
  },
  "best_ckpt": "/workspace/base/src/outputs/Benchmark/transformer/run_20260201-164835/gesture-classifier-best-epoch=13.ckpt"
}