{
  "val": {
    "loss": 1.0724367384149247,
    "acc": 0.7983193277310925,
    "prf": {
      "macro": {
        "precision": 0.5240470259476181,
        "recall": 0.8829629629629631,
        "f1": 0.6246091889672094
      },
      "micro": {
        "precision": 0.7983193277310925,
        "recall": 0.7983193277310925,
        "f1": 0.7983193277310925
      },
      "weighted": {
        "precision": 0.9092902257773736,
        "recall": 0.7983193277310925,
        "f1": 0.8287256701224274
      }
    },
    "timing": {
      "ms_per_sample": 11.150444443046581,
      "ms_per_batch": 178.4071110887453,
      "note": "Full pipeline: CWT + Backbone + Aggregation + Head"
    }
  },
  "test": {
    "loss": 1.2179632642453768,
    "acc": 0.7508417508417509,
    "prf": {
      "macro": {
        "precision": 0.48064565228624617,
        "recall": 0.8059264837126284,
        "f1": 0.5601409789811322
      },
      "micro": {
        "precision": 0.7508417508417509,
        "recall": 0.7508417508417509,
        "f1": 0.7508417508417509
      },
      "weighted": {
        "precision": 0.8953829841149884,
        "recall": 0.7508417508417509,
        "f1": 0.7940387209726363
      }
    },
    "timing": {
      "ms_per_sample": 11.150444443046581,
      "ms_per_batch": 178.4071110887453,
      "note": "Full pipeline: CWT + Backbone + Aggregation + Head"
    }
  }
}