{
  "base": {
    "acc": 0.7865626060400407,
    "prf": {
      "macro": {
        "precision": 0.7945910659746717,
        "recall": 0.7932116805093443,
        "f1": 0.7931290701151977
      },
      "micro": {
        "precision": 0.7865626060400407,
        "recall": 0.7865626060400407,
        "f1": 0.7865626060400407
      },
      "weighted": {
        "precision": 0.7877787961391767,
        "recall": 0.7865626060400407,
        "f1": 0.7863598624376038
      }
    },
    "auc_ovr": 0.957221166844278,
    "support": [
      496,
      471,
      420,
      491,
      532,
      537
    ]
  },
  "lora": {
    "acc": 0.7495758398371225,
    "prf": {
      "macro": {
        "precision": 0.7559652734671835,
        "recall": 0.7562948572260056,
        "f1": 0.7554015066828704
      },
      "micro": {
        "precision": 0.7495758398371225,
        "recall": 0.7495758398371225,
        "f1": 0.7495758398371225
      },
      "weighted": {
        "precision": 0.749485539984047,
        "recall": 0.7495758398371225,
        "f1": 0.7487793672348008
      }
    },
    "auc_ovr": 0.9475245826089188,
    "support": [
      496,
      471,
      420,
      491,
      532,
      537
    ]
  },
  "delta": {
    "acc": -0.036986766202918187,
    "f1_macro": -0.037727563432327305,
    "f1_micro": -0.036986766202918187,
    "f1_weighted": -0.037580495202803044,
    "auc_ovr": -0.00969658423535924
  },
  "load_mode": "weights_only",
  "artifacts": {
    "cm_base_png": "/workspace/base/src/outputs/Benchmark/normwear_lora/run_20260131_235755/ucihar_cm_base.png",
    "cm_lora_png": "/workspace/base/src/outputs/Benchmark/normwear_lora/run_20260131_235755/ucihar_cm_lora.png",
    "cm_base_counts_npy": "/workspace/base/src/outputs/Benchmark/normwear_lora/run_20260131_235755/ucihar_cm_base_counts.npy",
    "cm_base_norm01_npy": "/workspace/base/src/outputs/Benchmark/normwear_lora/run_20260131_235755/ucihar_cm_base_norm01.npy",
    "cm_lora_counts_npy": "/workspace/base/src/outputs/Benchmark/normwear_lora/run_20260131_235755/ucihar_cm_lora_counts.npy",
    "cm_lora_norm01_npy": "/workspace/base/src/outputs/Benchmark/normwear_lora/run_20260131_235755/ucihar_cm_lora_norm01.npy"
  }
}