{
  "acc": 0.7495758398371225,
  "prf": {
    "macro": {
      "precision": 0.7559652734671835,
      "recall": 0.7562948572260056,
      "f1": 0.7554015066828704
    },
    "micro": {
      "precision": 0.7495758398371225,
      "recall": 0.7495758398371225,
      "f1": 0.7495758398371225
    },
    "weighted": {
      "precision": 0.749485539984047,
      "recall": 0.7495758398371225,
      "f1": 0.7487793672348008
    }
  },
  "auc_ovr": 0.9475245826089188,
  "support": [
    496,
    471,
    420,
    491,
    532,
    537
  ]
}