{
  "epoch": [
    1,
    2,
    3,
    4,
    5,
    6,
    7,
    8,
    9,
    10
  ],
  "train_loss": [
    1.3615605581509822,
    1.1819690266059992,
    1.1262267654980154,
    1.0723988717956365,
    1.0379297887354675,
    0.9952174021835909,
    0.9549235410450151,
    0.8990007863288055,
    0.8782581791252075,
    0.8544010555925868
  ],
  "val_loss": [
    1.710718577649413,
    1.8122722908896225,
    1.6183909441576618,
    1.4519902938554268,
    1.3618727932457162,
    1.512453645551238,
    1.4022492961723263,
    1.5526841548310608,
    1.4073971122586761,
    1.5401081277542756
  ],
  "train_acc": [
    0.41451292246520877,
    0.5318091451292246,
    0.5603048376408217,
    0.5881378396288933,
    0.6003976143141153,
    0.6325381047051027,
    0.6491053677932406,
    0.6722995361166335,
    0.6971504307488403,
    0.7044400265076209
  ],
  "val_acc": [
    0.3333333333333333,
    0.41456582633053224,
    0.5014005602240896,
    0.5672268907563025,
    0.6498599439775911,
    0.5756302521008403,
    0.6176470588235294,
    0.5434173669467787,
    0.6050420168067226,
    0.542016806722689
  ],
  "lr_lora": [
    0.000954992586021436,
    0.0009120108393559099,
    0.0008709635899560808,
    0.0008317637711026712,
    0.0007943282347242817,
    0.000758577575029184,
    0.0007244359600749904,
    0.0006918309709189368,
    0.0006606934480075964,
    0.0006309573444801936
  ],
  "lr_head": [
    0.000954992586021436,
    0.0009120108393559099,
    0.0008709635899560808,
    0.0008317637711026712,
    0.0007943282347242817,
    0.000758577575029184,
    0.0007244359600749904,
    0.0006918309709189368,
    0.0006606934480075964,
    0.0006309573444801936
  ],
  "train_p_macro": [
    0.44872385583122404,
    0.5541777791552693,
    0.5792333858893928,
    0.6025144280879227,
    0.6076335117514743,
    0.6514945517695099,
    0.659823067438046,
    0.6739293978722255,
    0.7060309187214857,
    0.7145677345034191
  ],
  "train_r_macro": [
    0.4143251655168448,
    0.5337655026419029,
    0.5675198013114916,
    0.5905699782948314,
    0.595915164030924,
    0.6349089821516384,
    0.6459763313800356,
    0.6662713448102796,
    0.6952256113346622,
    0.7082650109494152
  ],
  "train_f1_macro": [
    0.3932048023168376,
    0.5298124652052667,
    0.56197461142265,
    0.5855442860281831,
    0.5900870243296777,
    0.6320857436080736,
    0.6401810728918392,
    0.6573903197438885,
    0.692332476376504,
    0.7036212128842166
  ],
  "train_p_micro": [
    0.41451292246520877,
    0.5318091451292246,
    0.5603048376408217,
    0.5881378396288933,
    0.6003976143141153,
    0.6325381047051027,
    0.6491053677932406,
    0.6722995361166335,
    0.6971504307488403,
    0.7044400265076209
  ],
  "train_r_micro": [
    0.41451292246520877,
    0.5318091451292246,
    0.5603048376408217,
    0.5881378396288933,
    0.6003976143141153,
    0.6325381047051027,
    0.6491053677932406,
    0.6722995361166335,
    0.6971504307488403,
    0.7044400265076209
  ],
  "train_f1_micro": [
    0.41451292246520877,
    0.5318091451292246,
    0.5603048376408217,
    0.5881378396288933,
    0.6003976143141153,
    0.6325381047051027,
    0.6491053677932406,
    0.6722995361166335,
    0.6971504307488403,
    0.7044400265076209
  ],
  "train_p_weighted": [
    0.44854572274276727,
    0.5523591763672281,
    0.5773524963113229,
    0.6032133372289208,
    0.6085408368045985,
    0.64805429475942,
    0.6597639578459357,
    0.6764083336772649,
    0.7086194706370166,
    0.7149346997410211
  ],
  "train_r_weighted": [
    0.41451292246520877,
    0.5318091451292246,
    0.5603048376408217,
    0.5881378396288933,
    0.6003976143141153,
    0.6325381047051027,
    0.6491053677932406,
    0.6722995361166335,
    0.6971504307488403,
    0.7044400265076209
  ],
  "train_f1_weighted": [
    0.3935113498289198,
    0.527685174633641,
    0.5568036625140824,
    0.5848561938299248,
    0.5930176429056383,
    0.6293920121085542,
    0.6418200220078047,
    0.6618586010330788,
    0.6946128675827747,
    0.7021917261273557
  ],
  "val_p_macro": [
    0.2548808163186886,
    0.3077081196575679,
    0.2833991991530365,
    0.3124703848364865,
    0.3441103803986612,
    0.31279912967859463,
    0.3165282403912802,
    0.299081140792838,
    0.3092175916318278,
    0.308100830959031
  ],
  "val_r_macro": [
    0.4047222222222222,
    0.4310185185185185,
    0.43611111111111106,
    0.459537037037037,
    0.4948148148148149,
    0.44527777777777783,
    0.4892592592592592,
    0.5024074074074074,
    0.4867592592592593,
    0.5148148148148147
  ],
  "val_f1_macro": [
    0.2181144925083681,
    0.25950320061775173,
    0.2799624243370898,
    0.31715552433475863,
    0.3634414138288396,
    0.32252503701971785,
    0.3328348795006568,
    0.3100605858449167,
    0.3249979651940436,
    0.32501190029891824
  ],
  "val_p_micro": [
    0.3333333333333333,
    0.41456582633053224,
    0.5014005602240896,
    0.5672268907563025,
    0.6498599439775911,
    0.5756302521008403,
    0.6176470588235294,
    0.5434173669467787,
    0.6050420168067226,
    0.542016806722689
  ],
  "val_r_micro": [
    0.3333333333333333,
    0.41456582633053224,
    0.5014005602240896,
    0.5672268907563025,
    0.6498599439775911,
    0.5756302521008403,
    0.6176470588235294,
    0.5434173669467787,
    0.6050420168067226,
    0.542016806722689
  ],
  "val_f1_micro": [
    0.3333333333333333,
    0.41456582633053224,
    0.5014005602240896,
    0.5672268907563025,
    0.6498599439775911,
    0.5756302521008403,
    0.6176470588235294,
    0.5434173669467787,
    0.6050420168067226,
    0.542016806722689
  ],
  "val_p_weighted": [
    0.8148704309999204,
    0.8306437145669647,
    0.826308761101316,
    0.8380238745403377,
    0.8350342172225811,
    0.8213783469198905,
    0.8293104320045582,
    0.832078209250784,
    0.8304438995399254,
    0.8281004443318213
  ],
  "val_r_weighted": [
    0.3333333333333333,
    0.41456582633053224,
    0.5014005602240897,
    0.5672268907563025,
    0.6498599439775911,
    0.5756302521008403,
    0.6176470588235293,
    0.5434173669467787,
    0.6050420168067226,
    0.542016806722689
  ],
  "val_f1_weighted": [
    0.42952399500030247,
    0.5136713829483817,
    0.5980542996805375,
    0.6570564471275656,
    0.717947237671979,
    0.659276820384455,
    0.6880052469455238,
    0.633784113315424,
    0.6785466698961509,
    0.6275287588371551
  ]
}