{
  "device": "cuda",
  "batch_size": 16,
  "T": 100,
  "C": 7,
  "n_warmup": 25,
  "n_runs": 100,
  "median_batch_ms": 203.1375200022012,
  "mean_batch_ms": 203.12676838599145,
  "p90_batch_ms": 203.69628691114485,
  "p95_batch_ms": 203.8415662595071,
  "median_per_window_ms": 12.696095000137575,
  "throughput_windows_per_s": 78.76437597459407
}