{
  "val": {
    "loss": 1.3618727932457162,
    "acc": 0.6498599439775911,
    "prf": {
      "macro": {
        "precision": 0.3441103803986612,
        "recall": 0.4948148148148149,
        "f1": 0.3634414138288396
      },
      "micro": {
        "precision": 0.6498599439775911,
        "recall": 0.6498599439775911,
        "f1": 0.6498599439775911
      },
      "weighted": {
        "precision": 0.8350342172225811,
        "recall": 0.6498599439775911,
        "f1": 0.717947237671979
      }
    },
    "timing": {
      "ms_per_sample": 12.696095000137575,
      "ms_per_batch": 203.1375200022012,
      "note": "Full pipeline: CWT + Backbone + Aggregation + Head"
    }
  },
  "test": {
    "loss": 1.4328627056545682,
    "acc": 0.6119528619528619,
    "prf": {
      "macro": {
        "precision": 0.3025520969601752,
        "recall": 0.4209086345381526,
        "f1": 0.31816058855976487
      },
      "micro": {
        "precision": 0.6119528619528619,
        "recall": 0.6119528619528619,
        "f1": 0.6119528619528619
      },
      "weighted": {
        "precision": 0.8294413310015377,
        "recall": 0.6119528619528619,
        "f1": 0.6908276895523574
      }
    },
    "timing": {
      "ms_per_sample": 12.696095000137575,
      "ms_per_batch": 203.1375200022012,
      "note": "Full pipeline: CWT + Backbone + Aggregation + Head"
    }
  }
}