{
  "base": {
    "macro_f1": 0.7931290701151977,
    "auc_ovr": 0.957221166844278
  },
  "lora": {
    "macro_f1": 0.767455871667109,
    "auc_ovr": 0.9502077211544256
  },
  "delta": {
    "macro_f1": -0.025673198448088685,
    "auc_ovr": -0.0070134456898524045
  },
  "load_mode": "weights_only"
}