{
  "epoch": [
    1,
    2,
    3,
    4,
    5,
    6,
    7,
    8,
    9,
    10,
    11,
    12,
    13,
    14,
    15,
    16,
    17,
    18,
    19,
    20,
    21,
    22,
    23,
    24,
    25,
    26,
    27,
    28,
    29,
    30,
    31,
    32,
    33,
    34,
    35,
    36,
    37,
    38,
    39,
    40
  ],
  "train_loss": [
    1.1917942613717212,
    0.9230257396837689,
    0.7807422182386297,
    0.7073302356052852,
    0.6797767446707471,
    0.6515176018267893,
    0.6289176420144211,
    0.5807399512493506,
    0.5738094027138663,
    0.5486050984827375,
    0.5424133845481812,
    0.54607736702156,
    0.5121773760869025,
    0.5071239923071691,
    0.49985819554763095,
    0.49653207982048947,
    0.4920805554987416,
    0.4951284638269025,
    0.46376454001934114,
    0.45622990560597687,
    0.4597961820148799,
    0.44363301749372896,
    0.4564280335924876,
    0.45050744674598425,
    0.45217610770572486,
    0.4286395343682734,
    0.4283386605864749,
    0.42705829135973306,
    0.413691887161558,
    0.4161049777897029,
    0.4068978722085579,
    0.4181978250437092,
    0.42326888168320614,
    0.40881614584213244,
    0.41622822967992823,
    0.41252434516793096,
    0.3946553208848265,
    0.39547821371473213,
    0.4063590880798991,
    0.393627369417997
  ],
  "val_loss": [
    2.32818853888525,
    1.757724266426236,
    1.594904119894952,
    1.539272607374592,
    1.4843207446633935,
    1.4953183321391834,
    1.4394650350139588,
    1.734848794493438,
    1.5509942355526596,
    1.5770649572088271,
    1.6225743424408243,
    1.5101475912232358,
    1.4723554474382508,
    1.5270474756381758,
    1.5478552174063123,
    1.4825096064839376,
    1.4923831506812273,
    1.4655593022787605,
    1.5807721802406536,
    1.4628932073409735,
    1.508691538500936,
    1.6823939389917029,
    1.4553740574125231,
    1.471872261274053,
    1.4624898605836498,
    1.5042696248593868,
    1.5942852740862123,
    1.5525036154664447,
    1.6632434179124629,
    1.5813474592854495,
    1.6795210814369577,
    1.4847640309128023,
    1.5681083409770467,
    1.5223912969401174,
    1.5793586005717621,
    1.5199418531949906,
    1.4932870471912647,
    1.5052680367211282,
    1.5812599467663409,
    1.5290402332236026
  ],
  "train_acc": [
    0.4993072050673001,
    0.590360253365004,
    0.6400435471100554,
    0.671021377672209,
    0.6860649247822644,
    0.6948733174980206,
    0.7100158353127475,
    0.7239707046714172,
    0.726741884402217,
    0.742181314330958,
    0.7443586698337292,
    0.7458432304038005,
    0.7548495645288994,
    0.7617775138558986,
    0.7570269200316706,
    0.7688044338875692,
    0.7689034045922407,
    0.7643507521773555,
    0.7785035629453682,
    0.7806809184481394,
    0.7804829770387965,
    0.7869160728424386,
    0.7827593032462391,
    0.783452098178939,
    0.7849366587490103,
    0.7953285827395091,
    0.7969121140142518,
    0.7956254948535234,
    0.8005740300870943,
    0.7998812351543944,
    0.8031472684085511,
    0.8072050673000791,
    0.7977038796516231,
    0.7991884402216943,
    0.8011678543151227,
    0.8010688836104513,
    0.810471100554236,
    0.8105700712589073,
    0.8035431512272367,
    0.810471100554236
  ],
  "val_acc": [
    0.31092436974789917,
    0.5476190476190477,
    0.5266106442577031,
    0.5476190476190477,
    0.542016806722689,
    0.5658263305322129,
    0.5714285714285714,
    0.5406162464985994,
    0.5770308123249299,
    0.5448179271708683,
    0.5868347338935574,
    0.623249299719888,
    0.6246498599439776,
    0.5602240896358543,
    0.5952380952380952,
    0.6148459383753502,
    0.6162464985994398,
    0.6064425770308123,
    0.6008403361344538,
    0.6120448179271709,
    0.6372549019607843,
    0.6204481792717087,
    0.6414565826330533,
    0.6288515406162465,
    0.6330532212885154,
    0.6246498599439776,
    0.6330532212885154,
    0.6288515406162465,
    0.6330532212885154,
    0.6484593837535014,
    0.6316526610644257,
    0.6470588235294118,
    0.6316526610644257,
    0.634453781512605,
    0.6512605042016807,
    0.6330532212885154,
    0.6484593837535014,
    0.6554621848739496,
    0.6470588235294118,
    0.6470588235294118
  ],
  "train_f1_macro": [
    0.4885804841235451,
    0.5790025119702046,
    0.6307506938722803,
    0.662859857064818,
    0.6799729101476574,
    0.6910245332712389,
    0.705223811391359,
    0.721988482557884,
    0.7228096354646535,
    0.7384167773867129,
    0.7421178365859324,
    0.7433915046381566,
    0.7515969444012583,
    0.7592161451880796,
    0.7558737351494722,
    0.7664538113011972,
    0.7668540729066845,
    0.7621161743456092,
    0.7761159752645571,
    0.7786620807495419,
    0.7782037500403627,
    0.7842964085588555,
    0.7803603037683938,
    0.7821240398104906,
    0.7834567321866266,
    0.7940151117779498,
    0.7956925987112463,
    0.7927396859935643,
    0.7988322101456361,
    0.7983098298319651,
    0.801564390786273,
    0.806208351360245,
    0.7960712748068245,
    0.7961998514425243,
    0.800480914815323,
    0.7998541392341735,
    0.8090537980388378,
    0.8094923747709308,
    0.8022256661354995,
    0.8086813715569484
  ],
  "train_f1_micro": [
    0.4993072050673001,
    0.590360253365004,
    0.6400435471100554,
    0.671021377672209,
    0.6860649247822644,
    0.6948733174980206,
    0.7100158353127475,
    0.7239707046714172,
    0.726741884402217,
    0.742181314330958,
    0.7443586698337292,
    0.7458432304038005,
    0.7548495645288994,
    0.7617775138558986,
    0.7570269200316706,
    0.7688044338875692,
    0.7689034045922407,
    0.7643507521773555,
    0.7785035629453682,
    0.7806809184481394,
    0.7804829770387965,
    0.7869160728424386,
    0.7827593032462391,
    0.783452098178939,
    0.7849366587490103,
    0.7953285827395091,
    0.7969121140142518,
    0.7956254948535234,
    0.8005740300870943,
    0.7998812351543944,
    0.8031472684085511,
    0.8072050673000791,
    0.7977038796516231,
    0.7991884402216943,
    0.8011678543151227,
    0.8010688836104513,
    0.810471100554236,
    0.8105700712589073,
    0.8035431512272367,
    0.810471100554236
  ],
  "train_f1_weighted": [
    0.48886247112842074,
    0.5780235327668743,
    0.6310045602084278,
    0.6643112723100574,
    0.6799408493851258,
    0.6899757438773515,
    0.7054933863025721,
    0.7203502462823479,
    0.7231178960694503,
    0.7382245629003151,
    0.7416566332743276,
    0.7436511874741636,
    0.7516422110083482,
    0.7591372695935014,
    0.7543728858045978,
    0.7669138156988166,
    0.766405823185479,
    0.7621110191619767,
    0.7759340243617165,
    0.7790890259933192,
    0.7782722578378745,
    0.7845574643666333,
    0.7802598796357105,
    0.7815093840436117,
    0.7832487028409033,
    0.7940801277187985,
    0.7956252640954786,
    0.7930353246456132,
    0.799155704743679,
    0.7983798087036424,
    0.8020647239063422,
    0.8057993551898229,
    0.7960543544840997,
    0.7973389882951553,
    0.8001663011975318,
    0.7997808177004897,
    0.8092012096543856,
    0.8099150637529792,
    0.8017283140750705,
    0.8094592613990137
  ],