{
  "acc": 0.6161616161616161,
  "prf": {
    "macro": {
      "precision": 0.3755391464984017,
      "recall": 0.529032797858099,
      "f1": 0.3912242362900258
    },
    "micro": {
      "precision": 0.6161616161616161,
      "recall": 0.6161616161616161,
      "f1": 0.6161616161616161
    },
    "weighted": {
      "precision": 0.8528857527913114,
      "recall": 0.6161616161616161,
      "f1": 0.6947830810869088
    }
  },
  "per_class": {
    "precision": [
      0.2,
      0.625,
      0.038461538461538464,
      0.17647058823529413,
      0.25,
      0.963302752293578
    ],
    "recall": [
      0.75,
      0.625,
      0.16666666666666666,
      0.6,
      0.4,
      0.6325301204819277
    ],
    "f1": [
      0.3157894736842105,
      0.625,
      0.0625,
      0.2727272727272727,
      0.3076923076923077,
      0.7636363636363637
    ],
    "support": [
      8,
      8,
      6,
      5,
      5,
      166
    ]
  },
  "timing": {
    "window_forward_ms_per_sample": 0.1298150301264969,
    "aggregation_ms_total": 0.000667991116642952,
    "aggregation_ms_per_clip": 3.373692508297737e-06
  },
  "early_stop": {
    "default_k": 3,
    "k_map_size": 0,
    "missed_early": 27,
    "n_clips": 198
  }
}