{
  "val": {
    "loss": 1.4847640262379282,
    "acc": 0.6470588235294118,
    "prf": {
      "macro": {
        "precision": 0.36898137809902515,
        "recall": 0.6072222222222222,
        "f1": 0.4080182072829131
      },
      "micro": {
        "precision": 0.6470588235294118,
        "recall": 0.6470588235294118,
        "f1": 0.6470588235294118
      },
      "weighted": {
        "precision": 0.8582944983834753,
        "recall": 0.6470588235294118,
        "f1": 0.7153861544617847
      }
    },
    "per_class": {
      "precision": [
        0.14285714285714285,
        0.45454545454545453,
        0.10256410256410256,
        0.29333333333333333,
        0.25,
        0.9705882352941176
      ],
      "recall": [
        0.6666666666666666,
        0.5,
        0.3333333333333333,
        0.7333333333333333,
        0.75,
        0.66
      ],
      "f1": [
        0.23529411764705882,
        0.47619047619047616,
        0.1568627450980392,
        0.41904761904761906,
        0.375,
        0.7857142857142857
      ],
      "support": [
        18,
        30,
        24,
        30,
        12,
        600
      ]
    },
    "timing": {
      "warmup_batches": 5,
      "timed_batches": 40,
      "timed_total_seconds": 0.08343117451295257,
      "ms_per_batch": 2.085779362823814,
      "ms_per_sample": 0.11685038447192236
    }
  },
  "test": {
    "loss": 1.7493826981934935,
    "acc": 0.5841750841750841,
    "prf": {
      "macro": {
        "precision": 0.32002205680700985,
        "recall": 0.5212600401606425,
        "f1": 0.34708303855291023
      },
      "micro": {
        "precision": 0.5841750841750841,
        "recall": 0.5841750841750841,
        "f1": 0.5841750841750841
      },
      "weighted": {
        "precision": 0.8498311182552489,
        "recall": 0.5841750841750841,
        "f1": 0.6668026501049589
      }
    },
    "per_class": {
      "precision": [
        0.2080536912751678,
        0.3116883116883117,
        0.05921052631578947,
        0.136,
        0.22972972972972974,
        0.9754500818330606
      ],
      "recall": [
        0.6458333333333334,
        0.5,
        0.25,
        0.5666666666666667,
        0.5666666666666667,
        0.5983935742971888
      ],
      "f1": [
        0.3147208121827411,
        0.384,
        0.09574468085106383,
        0.21935483870967742,
        0.3269230769230769,
        0.7417548226509023
      ],
      "support": [
        48,
        48,
        36,
        30,
        30,
        996
      ]
    },
    "timing": {
      "warmup_batches": 5,
      "timed_batches": 70,
      "timed_total_seconds": 0.15422025579027832,
      "ms_per_batch": 2.2031465112896904,
      "ms_per_sample": 0.1298150301264969
    }
  },
  "best_ckpt": "/workspace/base/src/outputs/Benchmark/hydra/run_20260202-014527/best_hydra.pt"
}